,US Equities,World Equities,US Treasuries,High Yield,Real Estate,Commodities,Corp Bonds,T-bill,TIPS,Regime-5,Regime-7,Regime-9
1/1/85,3.69,443.231,100,112.905,382.65,769.53,245.62,564.0916,0.30%,1,1,1
2/1/85,3.99,455.868,101.9243,117.185,404.31,785.96,252.75,567.9944,-1.12%,1,1,1
3/1/85,4.11,451.672,100.133,118.672,410.96,774,246.33,571.6528,1.61%,1,1,1
4/1/85,4.08,485.608,102.0311,119.185,408.2,802.77,251.11,575.8523,2.37%,1,1,1
5/1/85,4.03,484.414,104.1377,121.356,408.57,774.58,256.72,579.6807,5.26%,1,1,1
6/1/85,4.29,503.909,109.1957,126.497,419.7,777.95,273.05,583.6563,3.97%,1,1,1
7/1/85,4.38,515.206,110.5127,128.105,429.44,741.95,275.21,586.8181,-1.46%,1,1,1
8/1/85,4.4,540.183,110.0212,129.181,433.4,737.32,274.08,590.4028,3.16%,1,1,1
9/1/85,4.36,555.151,111.708,131.78,409.7,747.69,280.59,593.8081,0.27%,1,1,1
10/1/85,4.24,582.194,112.5488,133.045,396.94,792.62,280.76,597.5679,4.57%,1,1,1
11/1/85,4.4,616.217,114.704,133.386,409.41,852.34,287.6,601.2634,4.19%,1,1,1
12/1/85,4.64,643.348,117.3751,136.711,402.83,864.01,295.02,605.0203,3.24%,1,1,1
1/1/86,4.89,671.053,120.937,141.848,405.3,846.58,304.72,608.4846,0.67%,1,1,1
2/1/86,4.98,686.838,121.6151,143.721,420.97,749.35,306.99,612.5615,0.35%,1,1,1
3/1/86,5.29,758.191,126.7117,149.254,436.9,729.6,321.67,615.9346,-1.58%,1,1,1
4/1/86,5.53,860.96,132.2955,154.985,447.65,743.01,329.5,619.1824,0.14%,1,1,1
5/1/86,5.54,914.237,132.7248,157.45,450.33,772.88,331.29,622.314,3.79%,1,1,1
6/1/86,5.79,876.014,129.212,159.182,447.76,749.69,327.65,625.7305,1.23%,1,1,1
7/1/86,5.94,931.192,133.7661,160.949,463.52,775.64,333.8,628.8599,-1.46%,1,1,1
8/1/86,5.54,983.587,134.9045,159.339,465.62,797.37,335.31,632.0205,3.26%,1,1,1
9/1/86,5.93,1079.182,138.674,161.793,485.03,857.51,342.19,634.7593,2.10%,1,1,1
10/1/86,5.5,1069.888,136.2759,163.734,473.4,840.93,341.21,637.7966,-0.83%,1,1,1
11/1/86,5.76,1002.465,138.1999,167.533,490.89,847.35,346.93,640.8296,-0.22%,1,1,1
12/1/86,5.81,1058.705,139.8849,167.081,488.17,880.97,351.93,643.5056,0.43%,1,1,1
1/1/87,5.67,1112.876,139.9575,166.596,483.03,863.89,355.1,646.4714,3.68%,1,1,1
2/1/87,6.46,1233.293,141.456,173.493,493.35,907.83,362.85,649.7068,4.59%,1,1,1
3/1/87,6.7,1272.051,142.6495,177.171,508.47,857.5,365.04,652.5337,5.85%,1,1,1
4/1/87,6.88,1379.622,140.8016,178.394,509.4,930.01,363.58,655.5828,2.13%,1,1,1
5/1/87,6.75,1517.191,138.1485,172.186,495.59,977.31,351.63,658.6721,2.83%,1,1,1
6/1/87,6.79,1516.324,137.4691,173.425,490.87,1023.5,350.03,661.8882,3.16%,1,1,1
7/1/87,7.08,1472.952,139.0016,175.645,500.64,1061.6,355.12,665.0217,2.26%,1,1,1
8/1/87,7.4,1479.133,138.4828,176.12,501.13,1122.4,354.15,668.5061,1.47%,1,1,1
9/1/87,7.58,1584.584,137.8723,177.212,491.61,1079.2,352.16,671.7673,-1.86%,-1,-1,-1
10/1/87,7.65,1561.029,135.1682,171.629,481.52,1098.4,342.23,675.3599,2.85%,-1,-1,-1
11/1/87,5.91,1334.61,140.4535,166.017,412.75,1084.1,353.65,679.0723,-1.56%,-1,-1,-1
12/1/87,5.44,1344.962,141.051,170.798,416.69,1098.9,357.42,682.2019,-1.66%,1,1,1
1/1/88,5.8,1386.2,142.665,174.915,431.49,1069.2,364.18,685.4832,0.31%,1,1,1
2/1/88,6.03,1407.99,147.6359,180.757,467.03,1096,378.46,689.0232,0.03%,1,1,1
3/1/88,6.37,1501.52,149.1629,186.613,478.28,1077.2,383.65,692.1746,-0.79%,1,1,1
4/1/88,6.27,1593.452,147.5565,184.672,479.24,1140.2,380.35,695.4712,0.82%,1,1,1
5/1/88,6.34,1616.306,146.4989,186.076,483.18,1147.2,377.66,699.1199,0.81%,1,1,1
6/1/88,6.45,1564.696,145.8278,186.355,477.65,1219.5,375.61,702.783,-0.61%,1,1,1
7/1/88,6.65,1529.611,148.8302,189.076,490.02,1185.4,384.6,706.574,-0.88%,1,1,1
8/1/88,6.64,1574.661,147.805,190.324,496.21,1195.3,383.73,710.6748,-0.58%,1,1,1
9/1/88,6.38,1473.371,148.0333,190.038,493.06,1183.7,385.35,715.0125,1.18%,1,1,1
10/1/88,6.67,1536.156,151.2601,192.433,491.37,1143.2,393.66,719.625,2.31%,1,1,1
11/1/88,6.81,1664.817,153.972,194.761,487.72,1201.9,400.54,723.8958,-0.29%,1,1,1
12/1/88,6.69,1760.54,152.2259,195.91,479.91,1285.3,396.69,728.595,0.48%,1,1,1
1/1/89,6.84,1771.595,152.7361,196.831,480.49,1367.9,397.77,733.3391,0.82%,1,1,1
2/1/89,7.31,1807.186,154.8237,200.295,482.69,1384.3,403.832,738.9019,-1.44%,1,1,1
3/1/89,7.16,1814.634,153.5403,200.736,474.71,1436.4,401.008,743.8206,1.17%,1,1,1
4/1/89,7.39,1781.747,154.5244,199.17,474.58,1518.8,402.55,749.863,-1.73%,1,1,1
5/1/89,7.71,1799.468,157.438,200.007,482.52,1593.2,409.103,754.9172,3.59%,1,1,1
6/1/89,8.06,1705.686,161.4751,203.887,493.99,1555.5,422.086,760.4109,-0.37%,1,1,1
7/1/89,8,1680.648,167.0937,206.415,498.3,1606.3,434.43,765.9402,-0.62%,1,1,1
8/1/89,8.57,1888.161,170.6304,206.147,510.15,1552.1,445.048,770.8218,-2.57%,1,1,1
9/1/89,8.85,1808.38,167.6525,206.848,510.65,1615.2,439.716,776.0845,-0.77%,1,1,1
10/1/89,8.83,1886.707,168.4055,203.373,504.61,1711.3,440.08,781.2871,2.86%,1,1,1
11/1/89,8.56,1814.801,172.8801,198.553,483.76,1721.1,450.863,786.2725,1.35%,1,1,1
12/1/89,8.77,1904.053,174.494,198.156,477.21,1747,453.928,791.3228,-0.09%,1,1,1
1/1/90,8.84,1973.994,174.726,198.473,471.78,1891.6,453.8,796.0239,3.68%,1,1,1
2/1/90,8.2,1898.233,172.2037,194.205,461.26,1880.8,448.882,801.7734,0.67%,1,1,1
3/1/90,8.35,1769.993,172.3007,190.205,445.44,1848.1,448.116,806.6128,1.00%,1,1,1
4/1/90,8.49,1594.212,172.457,195.188,446.18,1909.2,449.86,812.2886,-3.08%,1,1,1
5/1/90,8.32,1576.607,170.9502,194.856,439.33,1893.1,445.101,817.3857,3.45%,1,1,1
6/1/90,9.09,1753.541,175.5866,198.617,439.19,1852.6,463.66,822.8494,2.11%,1,-1,-1
7/1/90,9.03,1738.407,178.3788,203.424,442.54,1832.5,467.42,828.3391,2.17%,1,-1,-1
8/1/90,8.89,1764.072,180.7174,208.896,434.58,2005.4,474.46,833.6138,3.05%,1,-1,-1
9/1/90,8.07,1597.481,178.0389,197.01,408.04,2307.8,465.18,838.7976,4.53%,1,-1,-1
10/1/90,7.83,1382.249,179.906,182.628,379.76,2735.2,469.998,844.1216,2.45%,1,-1,-1
11/1/90,7.59,1584.957,182.8933,173.04,366.46,2673.3,471.691,849.3381,1.04%,1,1,1
12/1/90,8.1,1497.405,186.8224,178.439,389.8,2449.4,479.06,854.6826,1.56%,1,1,1
1/1/91,8.29,1523.658,189.7957,179.438,389.95,2441.6,485.81,859.1677,0.02%,1,1,1
2/1/91,8.7,1570.68,191.7896,184.373,424.12,2198.4,495.478,863.9417,-1.03%,1,1,1
3/1/91,9.45,1736.473,192.5367,204.543,444.98,2256.4,497.545,867.9441,1.66%,1,1,1
4/1/91,9.58,1636.569,193.595,216.59,478.9,2314.2,506.248,872.3616,1.07%,1,1,1
5/1/91,9.8,1653.289,195.8846,225.471,490.28,2400,513.805,876.4768,2.32%,1,1,1
6/1/91,10.06,1673.618,196.5486,225.877,501.85,2383.2,516.65,880.8723,0.59%,1,1,1
7/1/91,9.78,1555.327,196.4065,232.562,488.84,2332.2,516.42,884.697,0.16%,1,1,1
8/1/91,10.07,1629.513,198.8676,240.004,498.27,2428,523.594,888.9531,-1.30%,1,1,1
9/1/91,10.36,1598.395,203.254,245.525,498.57,2479,535.86,892.7852,0.52%,1,1,1
10/1/91,10.27,1683.14,207.6706,248.937,508.2,2499.1,547.551,896.9399,-2.76%,1,1,1
11/1/91,10.4,1709.86,209.3286,257.252,505.06,2592.3,551.925,900.8064,3.81%,1,1,1
12/1/91,10.17,1632.642,211.5203,258.59,505.18,2441.2,557.5,904.3435,5.75%,1,1,1
1/1/92,11.13,1713.155,218.8389,262.313,529.08,2291.9,575.72,907.2988,0.55%,1,1,1
2/1/92,11.13,1679.917,215.3656,271.547,555.27,2363.2,568.53,910.5725,4.13%,1,1,1
3/1/92,11.27,1621.987,216.2359,278.254,542.38,2307.3,573.983,913.2983,6.50%,1,1,1
4/1/92,10.99,1516.366,214.8933,281.704,534.31,2377.8,574.211,916.3762,0.66%,1,1,1
5/1/92,11.09,1522.406,216.4394,282.775,535.51,2432.8,576.612,919.2378,-0.72%,1,1,1
6/1/92,11.25,1620.652,220.1677,286.762,552.75,2491.8,585.328,922.1218,-1.53%,1,1,1
7/1/92,11.09,1547.714,223.4049,289.457,546.05,2481.5,597.526,924.9348,3.98%,1,1,1
8/1/92,11.44,1511.8,228.9701,293.828,564.53,2430.5,612.306,927.6555,0.00%,1,1,1
9/1/92,11.22,1600.713,231.3497,297.676,559.65,2455.5,618.858,929.991,2.17%,1,1,1
10/1/92,11.26,1565.563,234.6079,300.706,573,2486.3,628.425,932.2427,5.81%,1,1,1
11/1/92,11.54,1488.589,231.1848,296.472,571.12,2439.9,613.44,934.6143,3.21%,1,1,1
12/1/92,11.92,1499.396,230.6972,300.199,582.24,2363.5,614.979,936.9783,1.83%,1,1,1
1/1/93,12.13,1508.721,234.6201,303.626,593.49,2393.2,625.758,939.4927,0.26%,1,1,1
2/1/93,12.38,1508.174,239.9312,312.458,631.29,2423.4,641.051,942.0022,0.75%,1,1,1
3/1/93,12.31,1556.018,245.5339,317.971,661.04,2448.4,658.061,944.1499,-1.77%,1,1,1
4/1/93,12.6,1688.666,245.08,322.057,706.94,2506.1,656.871,946.5554,2.15%,1,1,1
5/1/93,12.36,1845.722,247.3438,324.873,675.78,2480,662.391,948.9766,2.79%,1,1,1
6/1/93,12.77,1885.918,248.2061,328.731,667.53,2408.4,667.152,951.2454,-1.06%,1,1,1
7/1/93,12.72,1857.567,252.6185,335.625,687.12,2323.7,679.891,953.6836,1.78%,1,1,1
8/1/93,12.79,1920.715,253.9533,338.87,698.72,2321.4,684.187,956.2544,-0.11%,1,1,1
9/1/93,13.24,2020.146,259.5025,341.73,715.48,2309.9,701.203,958.6626,2.36%,1,1,1
10/1/93,13.3,1973.246,261.4087,342.612,748.12,2335.1,705.763,961.0195,-1.96%,1,1,1
11/1/93,13.51,2039.475,260.3235,349.547,738.7,2273.7,702.816,963.5132,0.51%,1,1,1
12/1/93,13.3,1866.693,258.9883,351.226,703.76,2146.3,698.656,966.009,0.58%,1,1,1
1/1/94,13.44,2000.759,259.6964,355.596,703.57,2111.2,701.839,968.7183,-1.42%,1,1,1
2/1/94,13.88,2167.425,262.2672,363.316,724.61,2313.9,712.608,971.0405,-1.73%,1,1,1
3/1/94,13.54,2158.033,255.9466,362.365,749.56,2219.3,693.477,973.5093,1.30%,1,1,1
4/1/94,12.99,2065.617,251.9064,348.68,719.38,2193.2,677.129,976.354,-1.81%,1,1,1
5/1/94,13.19,2149.652,249.9147,346.295,731.05,2248.1,670.614,979.5383,-1.60%,1,1,1
6/1/94,13.28,2138.827,250.0606,346.471,745.91,2268.9,670.415,982.9312,-0.96%,1,1,1
7/1/94,12.95,2163.942,249.2385,347.538,729.72,2347,667.235,986.3237,1.80%,1,1,1
8/1/94,13.35,2188.197,253.3531,350.488,727.87,2400.6,682.65,989.9954,1.13%,1,1,1
9/1/94,13.79,2243.282,253.6279,352.971,731.91,2221.4,684.102,993.8232,-1.08%,1,1,1
10/1/94,13.56,2178.297,250.1105,352.994,717.04,2197.7,671.35,997.9185,-4.23%,1,1,1
11/1/94,13.71,2247.376,248.8338,353.825,690.44,2227.6,666.199,1001.899,-1.09%,1,1,1
12/1/94,13.17,2138.658,249.1745,349.367,668,2125.15,667.714,1006.316,-2.54%,1,1,1
1/1/95,13.49,2153.656,250.9685,351.941,709.24,2209.27,674.239,1010.862,2.94%,1,1,1
2/1/95,13.79,2069.172,255.2987,356.715,698.71,2156.45,687.308,1016.141,-0.84%,1,1,1
3/1/95,14.29,2068.274,260.9847,368.945,721.39,2161.24,708.462,1020.706,-1.60%,1,1,1
4/1/95,14.73,2196.401,262.7299,372.915,717.09,2203.51,714.166,1026.077,1.34%,1,1,1
5/1/95,15.06,2278.006,265.9157,382.399,718.71,2287.43,725.865,1030.594,0.06%,1,1,1
6/1/95,15.61,2255.752,278.1211,393.119,751.07,2265.89,764.944,1035.631,-1.07%,1,1,1
7/1/95,16.13,2219.723,279.0565,395.622,764.39,2207.16,767.298,1040.678,-1.95%,1,1,1
8/1/95,16.66,2354.742,277.1773,400.618,776.34,2244.52,761.39,1045.233,-0.04%,1,1,1
9/1/95,16.96,2268.85,282.2312,401.866,787.89,2330.56,778.788,1050.104,-0.74%,1,1,1
10/1/95,17.44,2311.701,283.7398,406.808,802.31,2348.56,785.416,1054.887,1.22%,1,1,1
11/1/95,17.45,2251.758,289.0645,409.318,787.55,2354.01,798.273,1059.539,-1.14%,1,1,1
12/1/95,18.14,2315.819,293.2593,412.928,795.45,2434.88,813.227,1064.277,1.41%,1,1,1
1/1/96,18.4,2407.03,296.9053,419.416,839.09,2658.46,824.232,1068.55,1.08%,1,1,1
2/1/96,18.99,2421.734,298.4786,426.804,855.16,2629.19,828.316,1073.603,1.03%,1,1,1
3/1/96,19.27,2429.401,294.4579,427.14,861.75,2730.23,816.007,1077.778,1.49%,1,1,1
4/1/96,19.65,2481.475,290.494,426.846,860.51,2977.99,804.395,1082.388,-0.42%,1,1,1
5/1/96,19.97,2555.396,288.2972,427.789,863.31,3120.01,796.051,1086.864,2.14%,1,1,1
6/1/96,20.41,2512.377,287.9739,430.364,886.74,3081.23,794.888,1091.873,0.35%,1,1,1
7/1/96,20.46,2523.907,291.4261,433.925,898.96,3221.77,806.398,1096.206,1.98%,1,1,1
8/1/96,19.51,2450.659,294.3021,435.94,906.7,3117.91,815.795,1101.075,-0.77%,1,1,1
9/1/96,19.81,2460.607,291.6264,440.655,943.59,3151.53,805.617,1105.554,1.77%,1,1,1
10/1/96,20.88,2527.892,297.3712,451.267,960,3249.35,826.082,1110.573,1.42%,1,1,1
11/1/96,21.13,2511.66,302.6399,454.738,990.8,3237.07,844.491,1115.346,2.40%,1,1,1
12/1/96,22.58,2615.858,308.1579,463.706,1035.88,3525.78,863.222,1120.185,1.73%,1,1,1
1/1/97,22.31,2580.22,305.0219,467.033,1139.1,3560.13,851.295,1124.617,-1.68%,1,1,1
2/1/97,23.52,2500.424,305.487,471.59,1151.78,3490.65,852.5,1129.976,0.58%,1,1,1
3/1/97,23.6,2538.939,305.6335,479.388,1152.77,3267.61,856.072,1134.383,-1.37%,1,1,1
4/1/97,22.48,2542.142,302.8688,472.249,1142.11,3303.1,844.268,1139.102,0.61%,1,1,1
5/1/97,23.42,2558.382,307.218,477.23,1116.07,3398.76,857.148,1144.011,0.54%,1,1,1
6/1/97,25.1,2727.725,309.4482,487.437,1151.79,3391.47,865.199,1149.145,-0.32%,1,1,1
7/1/97,26.38,2874.026,313.8248,494.202,1207.07,3244.68,880.794,1153.72,0.96%,1,1,1
8/1/97,28.1,2927.442,319.3118,507.773,1243.2,3409.33,900.112,1158.749,0.30%,1,1,1
9/1/97,27.2,2712.453,318.6516,506.617,1240.7,3454.89,896.134,1163.392,0.20%,1,1,1
10/1/97,28.99,2865.335,324.8517,516.655,1339.81,3537.38,916.802,1168.703,1.03%,1,1,1
11/1/97,28.49,2649.826,329.1369,517.118,1305.67,3597.18,923.371,1174.045,0.56%,1,1,1
12/1/97,29.28,2620.809,331.0151,522.058,1327.8,3294.24,929.132,1178.747,-0.42%,1,1,1
1/1/98,29.29,2646.374,334.4197,526.637,1353.94,3059.17,938.416,1183.827,0.49%,1,1,1
2/1/98,30.01,2759.804,339.5606,536.124,1347.61,3007.59,949.551,1189.319,-0.09%,1,1,1
3/1/98,31.55,2940.178,338.4801,539.262,1324.74,2809.94,949.244,1194.035,-0.05%,1,1,1
4/1/98,33.41,3037.421,340.3068,544.325,1346.59,2775.47,955.918,1199.051,0.37%,1,1,1
5/1/98,33.78,3061.714,341.2217,546.469,1303.3,2764.26,959.796,1204.004,0.72%,1,1,1
6/1/98,32.57,3046.498,345.0125,548.367,1292.25,2574.14,971.881,1209.194,0.24%,1,1,1
7/1/98,34.2,3063.369,348.6627,550.339,1284.19,2496.61,978.112,1214.215,0.46%,1,-1,-1
8/1/98,32.8,3084.088,349.0236,553.471,1200.01,2266.38,976.398,1219.75,0.22%,1,-1,-1
9/1/98,28.89,2690.913,358.1804,521.396,1075.84,2205.84,980.019,1224.563,2.02%,1,1,1
10/1/98,28.8,2614.777,370.5183,526.072,1144.13,2343,1020.156,1229.276,0.22%,1,1,1
11/1/98,32.42,2887.767,367.1415,514.526,1112.97,2274.36,997.128,1233.59,-0.10%,1,1,1
12/1/98,34.25,3034.805,367.9303,536.479,1133.23,1995.12,1018.904,1237.987,-0.60%,1,1,1
1/1/99,36.15,3151.997,367.8765,536.471,1099.09,1965.65,1018.874,1242.531,1.17%,1,1,1
2/1/99,37.37,3153.334,368.2216,544.05,1077.89,1948.96,1023.647,1247.332,-0.70%,1,1,1
3/1/99,36.1,3074.747,359.0298,540.346,1051.67,1888.23,998.905,1251.649,-0.02%,1,1,1
4/1/99,37.71,3203.784,361.4039,546.457,1036.44,2186.3,1009.456,1256.444,0.67%,1,1,1
5/1/99,39.72,3341.921,363.0083,556.979,1149.45,2302.59,1014.585,1261.252,0.69%,1,1,1
6/1/99,38.22,3173.854,357.3136,548.797,1168.64,2136.7,993.714,1265.833,0.06%,1,1,1
7/1/99,40.64,3298.683,358.2945,548.177,1147.86,2296.95,994.1,1270.657,-0.06%,1,1,1
8/1/99,39.06,3394.412,358.5761,550.473,1106.11,2419.05,990.289,1275.811,0.18%,1,1,1
9/1/99,39.07,3404.837,358.5961,543.83,1083.02,2552.66,987.641,1280.834,0.40%,1,1,1
10/1/99,37.74,3442.375,359.5399,539.619,1039.28,2693.79,993.075,1285.83,0.19%,1,1,1
11/1/99,40.02,3576.145,361.2003,536.962,1022.64,2586.58,1001.169,1291.21,0.61%,1,1,1
12/1/99,41.75,3701.957,360.7434,543.147,997.53,2676.57,1002.909,1296.679,-0.80%,1,1,1
1/1/00,44.34,4043.093,358.8676,549.303,1017.98,2766.77,998.954,1302.876,0.45%,1,1,1
2/1/00,43.34,3798.16,360.5829,547.381,1036.6,3013.52,997.91,1308.466,0.90%,1,1,1
3/1/00,44.37,3906.566,365.2375,547.734,1015.39,3251.42,1005.033,1314.327,2.92%,1,1,1
4/1/00,45.81,4067.668,372.3492,536.473,1051.79,3087.48,1013.222,1321.208,1.33%,1,1,1
5/1/00,44.56,3857.423,370.9876,537.633,1139.93,3126.47,1003.237,1327.037,-0.25%,1,1,1
6/1/00,43.45,3764.722,373.4825,532.203,1133.47,3483.54,1006.12,1333.661,1.26%,1,1,1
7/1/00,44.73,3928.317,378.0756,542.651,1190.32,3678.73,1025.706,1340.425,0.86%,1,1,1
8/1/00,43.5,3778.924,382.761,546.734,1281.46,3431.42,1040.201,1346.863,0.74%,1,1,1
9/1/00,46.7,3829.052,388.4703,551.566,1211.42,3938.15,1053.196,1353.949,0.52%,-1,-1,-1
10/1/00,44.07,3631.439,387.8425,545.721,1225.99,3969.73,1056.901,1360.969,1.21%,-1,-1,-1
11/1/00,43.23,3533.197,392.1583,528.434,1189.83,3922.45,1059.179,1367.906,1.45%,-1,-1,-1
12/1/00,39.3,3391.599,398.393,505.853,1214,4129.406,1066.597,1374.964,1.09%,-1,-1,-1
1/1/01,39.8,3511.139,407.2527,517.116,1294.05,4147.898,1089.653,1381.114,2.08%,-1,-1,-1
2/1/01,41.5,3527.017,412.5249,557.07,1312.52,4071.4,1126.22,1387.913,1.69%,-1,-1,-1
3/1/01,37.42,3232.718,416.6238,563.452,1305.2,3887.73,1133.899,1393.192,0.96%,-1,-1,-1
4/1/01,34.35,2998.407,416.7911,549.996,1310.05,3688.73,1137.245,1398.684,0.57%,-1,-1,-1
5/1/01,38.27,3272.128,412.7743,543.889,1345.65,3951.32,1136.914,1403.034,1.19%,-1,-1,-1
6/1/01,38.34,3124.819,414.0096,552.944,1381.1,3795.96,1147.227,1407.411,-0.13%,-1,-1,-1
7/1/01,37.73,3027.366,415.1941,537.419,1455.03,3508.6,1149.314,1411.649,1.67%,-1,-1,-1
8/1/01,37.05,2974.809,424.8512,545.707,1439.55,3538.92,1179.627,1415.787,0.14%,-1,-1,-1
9/1/01,34.65,2832.308,430.9716,551.764,1479.8,3576.03,1195.79,1419.76,0.58%,-1,-1,-1
10/1/01,31.39,2563.564,438.8045,514.858,1419.38,3163.58,1194.753,1423.12,2.37%,-1,-1,1
11/1/01,33.01,2674.249,450.705,527.638,1402.97,2966.45,1222.959,1425.765,-2.23%,-1,-1,1
12/1/01,34.52,2713.991,438.8585,546.652,1447.65,2889.03,1210.792,1428.136,-1.16%,-1,-1,1
1/1/02,35.43,2768.343,434.6658,544.423,1494.65,2823.35,1202.03,1430.011,0.59%,-1,-1,1
2/1/02,34.75,2622.719,438.6367,548.398,1501.08,2804.82,1213.976,1432.11,1.51%,-1,-1,1
3/1/02,35.03,2675.383,438.9386,540.365,1542.64,2915.89,1213.862,1434.031,-0.61%,-1,-1,1
4/1/02,35.74,2797.799,430.8676,553.524,1623.59,3294.56,1197.119,1436.239,2.73%,-1,-1,-1
5/1/02,34.29,2816.891,442.2341,562.287,1651.66,3230.24,1211.164,1438.291,1.59%,-1,-1,-1
6/1/02,32.83,2843.059,443.9075,559.296,1661.09,3128.46,1229.72,1440.57,1.42%,-1,-1,-1
7/1/02,30.55,2733.15,450.5178,517.967,1689.45,3256.99,1229.98,1442.474,1.66%,-1,-1,-1
8/1/02,27.97,2389.78,461.8971,496.546,1596.35,3208.95,1231.643,1444.565,3.58%,-1,-1,-1
9/1/02,28.91,2427.926,470.4986,509.557,1622.78,3455.84,1257.866,1446.441,2.53%,-1,-1,-1
10/1/02,26.92,2198.47,480.8925,502.696,1556.47,3639.06,1276.366,1448.541,-2.67%,1,1,1
11/1/02,28.48,2304.211,476.5753,498.99,1499.76,3438.37,1261.666,1450.517,-0.07%,1,1,1
12/1/02,29.67,2411.125,473.1126,529.355,1569.19,3476.98,1284.425,1452.062,3.36%,1,1,1
1/1/03,28.04,2338.944,485.2583,536.758,1572.61,3728.76,1323.639,1453.45,0.75%,1,1,1
2/1/03,27.44,2282.676,483.7278,554.625,1522.01,4032.36,1329.214,1455.057,3.75%,1,1,1
3/1/03,26.7,2226.451,492.08,561.47,1556.41,4434.797,1356.519,1456.376,-1.62%,1,1,1
4/1/03,27.48,2183.909,490.0506,578.988,1617.13,3817.55,1357.492,1457.701,-0.26%,1,1,1
5/1/03,29.4,2387.422,492.4997,611.98,1671.25,3665.54,1385.159,1459.078,4.74%,1,1,1
6/1/03,31.32,2568.346,506.5761,618.209,1771.09,4104.09,1429.048,1460.466,-1.02%,1,1,1
7/1/03,31.89,2585.138,502.9131,635.98,1823.17,4031.15,1423.729,1461.534,-4.62%,1,1,1
8/1/03,32.08,2635.267,481.7552,626.278,1889.76,4199.547,1366.624,1462.659,1.79%,1,1,1
9/1/03,33.2,2753.462,484.2291,636.229,1911.69,4214.527,1375.191,1463.735,3.31%,1,1,1
10/1/03,33.55,2850.707,498.8626,656.039,1989.23,4053.64,1424.93,1464.995,0.55%,1,1,1
11/1/03,35.16,2972.355,491.1867,666.821,2041.64,4081.73,1409.453,1466.232,0.06%,1,1,1
12/1/03,35.74,3084.763,490.2786,677.757,2131.87,4256.77,1412.875,1467.293,1.02%,1,1,1
1/1/04,36.92,3274.785,496.2585,692.258,2177.53,4501.27,1432.744,1468.38,1.15%,1,1,1
2/1/04,37.85,3330.918,500.4421,705.474,2301.48,4631.379,1447.76,1469.572,2.31%,1,1,1
3/1/04,38.69,3447.066,506.3676,705.079,2349.85,4929.977,1465.477,1470.627,1.60%,1,1,1
4/1/04,38.11,3459.341,509.7273,708.709,2472.29,4858.129,1475.243,1471.813,-4.86%,1,1,1
5/1/04,37.41,3336.36,494.9585,703.66,2108,5184.137,1433.114,1473.044,1.80%,1,1,1
6/1/04,37.63,3339.225,492.1233,691.869,2199.81,5575.02,1419.003,1474.26,0.05%,1,1,1
7/1/04,37.99,3427.942,496.7591,703.437,2291.36,5213.59,1432.562,1475.811,0.93%,1,1,1
8/1/04,37.1,3322.858,499.9567,711.201,2326.96,5440.559,1446.797,1477.554,2.68%,1,1,1
9/1/04,37.19,3364.034,510.5856,726.113,2465.03,5400.457,1481.839,1479.368,0.20%,1,1,1
10/1/04,38.26,3480.246,510.0846,735.796,2518.81,5945.199,1485.538,1481.407,1.00%,1,1,1
11/1/04,38.32,3578.522,514.145,750.511,2620.33,6019.887,1500.165,1483.646,-0.24%,1,1,1
12/1/04,40.67,3820.339,508.4818,758.184,2763.52,5592.738,1488.734,1486.208,1.75%,1,1,1
1/1/05,41.11,3939.58,513.7882,769.299,2805.31,5173.25,1509.937,1489.184,0.01%,1,1,1
2/1/05,40.72,3891.295,517.497,769.697,2633.77,5557.078,1522.017,1491.985,-0.42%,1,1,1
3/1/05,41.56,4052.501,513.0591,779.056,2702.58,5974.309,1512.234,1494.937,0.09%,1,1,1
4/1/05,40.36,3970.071,512.7286,757.881,2619.71,6573.738,1496.16,1498.466,1.91%,1,1,1
5/1/05,39.91,3863.133,520.5574,749.551,2742.65,5915.219,1512.214,1502.059,0.69%,1,1,1
6/1/05,41.59,3898.559,529.6684,766.835,2881.24,6044.816,1541.407,1505.616,0.42%,1,1,1
7/1/05,41.68,3923.014,527.7498,778.552,3004.83,6328.25,1537.753,1509.344,-2.10%,1,1,1
8/1/05,43.32,4093.421,522.2304,790.582,3173.14,6598.758,1527.65,1513.52,2.31%,1,1,1
9/1/05,42.93,4264.698,531.8755,792.892,3057.98,7634.129,1553.286,1518.013,-0.14%,1,1,1
10/1/05,43.21,4354.181,524.3898,785.026,3046,7433.84,1528.654,1522.631,-1.28%,1,1,1
11/1/05,42.29,4255.837,519.8486,780.236,2894.48,6672.656,1510.064,1527.176,0.17%,1,1,1
12/1/05,44.69,4384.802,522.2521,784.186,3118.83,6590.969,1517.833,1532.125,1.23%,1,1,1
1/1/06,44.17,4559.391,528.1529,790.349,3075.06,6627.918,1535.249,1536.92,-0.01%,1,1,1
2/1/06,45.8,4841.45,525.6869,803.946,3301.68,6785.477,1529.34,1542.856,-0.04%,1,1,1
3/1/06,46.16,4834.094,526.4452,808.262,3358.88,6254.758,1535.224,1548.183,-2.19%,1,1,1
4/1/06,46.61,5029.541,521.8174,813.164,3439.43,6577.117,1517.249,1554.601,-0.09%,1,1,1
5/1/06,46.92,5253.406,518.1032,818.638,3353.21,7087.18,1507.524,1560.177,0.30%,1,1,1
6/1/06,46.18,5038.457,520.1125,817.898,3366.1,6849.07,1510.106,1566.523,0.28%,1,1,1
7/1/06,46.01,5044.877,521.5183,815.189,3510.77,6989.699,1511.288,1573.204,1.63%,1,1,1
8/1/06,45.35,5030.063,528.083,823.962,3556.63,7119.289,1533.963,1579.479,1.73%,1,1,1
9/1/06,46.91,5235.265,536.0396,837.466,3672.04,6503.195,1562.789,1586.241,0.16%,1,1,1
10/1/06,47.5,5247.344,540.679,848.377,3760.45,5786.703,1579.829,1592.827,-0.17%,1,1,1
11/1/06,49.01,5434.345,544.7631,861.779,3967.92,5746.828,1597.444,1599.364,1.24%,1,1,1
12/1/06,50.41,5578.394,550.2723,876.062,4172.86,6043.574,1619.611,1605.967,-2.34%,1,1,1
1/1/07,51.14,5742.362,544.6354,883.97,4131.39,5627.641,1601.264,1612.031,0.13%,1,1,1
2/1/07,52.42,5853.727,543.4265,895.012,4473.23,5439.199,1600.819,1619.606,2.13%,1,1,1
3/1/07,51.15,5771.695,552.7061,904.885,4288.8,5736.121,1634.078,1625.952,0.24%,1,1,1
4/1/07,52,5992.076,552.345,907.297,4251.47,5910.965,1624.987,1633.104,0.71%,1,1,1
5/1/07,54.05,6223.745,555.0547,919.088,4190.31,5861.605,1636.136,1639.52,-1.31%,1,1,1
6/1/07,56.14,6443.71,548.7879,925.586,4228.18,5876.402,1614.994,1646.216,-0.15%,1,1,1
7/1/07,55.61,6457.903,550.0985,909.326,3942.01,6037.414,1612.622,1652.76,2.27%,1,1,1
8/1/07,53.42,6214.307,559.4508,875.982,3528.57,6247.504,1616.253,1659.404,0.87%,1,1,1
9/1/07,53.87,6240.374,567.9403,889.091,3698.61,6067.395,1629.433,1665.25,1.33%,1,1,1
10/1/07,56.58,6627.956,571.4167,912.913,3930.37,6623.773,1643.613,1670.811,1.12%,1,1,1
11/1/07,55.38,6808.19,579.0296,915.863,3737.68,7271.762,1670.624,1676.43,3.97%,-1,-1,-1
12/1/07,54.03,6586.952,593.1855,897.924,3524.82,7071.422,1671.651,1681.289,-0.16%,-1,-1,-1
1/1/08,54.01,6484.103,593.6626,900.54,3394.71,7466.297,1674.293,1685.198,3.85%,-1,-1,-1
2/1/08,51.46,5994.447,610.35,889.872,3513.65,7307.609,1697.507,1689.395,1.34%,-1,-1,-1
3/1/08,49.21,5900.521,615.6086,876.401,3266.4,8373.492,1693.214,1692.466,-0.76%,-1,-1,-1
4/1/08,50.54,5977.826,615.9992,874.987,3568.3,8129.242,1663.215,1694.106,-1.12%,-1,-1,-1
5/1/08,52.15,6225.992,609.1341,913.43,3678.18,8741.801,1690.664,1695.93,0.02%,-1,-1,-1
6/1/08,51.87,6348.863,601.9161,914.311,3553.88,9737.934,1670.894,1698.544,1.69%,-1,-1,-1
7/1/08,48.26,5782.649,606.5719,884.606,3217.48,10636.48,1657.22,1701.067,-0.30%,-1,-1,-1
8/1/08,47.48,5579.416,610.2911,872.643,3301.67,9296.41,1651.242,1703.463,0.45%,-1,-1,-1
9/1/08,48.44,5377.204,617.089,879.976,3363.51,8609.477,1659.638,1705.737,-3.66%,-1,-1,-1
10/1/08,43.72,4704.827,623.6261,803.551,3280.09,7429.164,1529.556,1707.656,-8.85%,-1,-1,-1
11/1/08,36.15,3740.598,620.2362,680.966,2256.04,5235.656,1432.063,1708.641,2.19%,-1,-1,-1
12/1/08,30.26,3322.048,661.1573,616.583,1495.06,4316.117,1503.696,1708.865,3.44%,-1,-1,-1
1/1/09,33.9,3680.936,676.1225,665.001,2127.27,3995.392,1591.622,1708.904,1.69%,-1,-1,-1
2/1/09,31.16,3261.233,655.4879,704.859,1812.18,3541.1,1598.838,1709.102,-1.96%,-1,-1,-1
3/1/09,26.54,2847.439,651.9567,682.991,1324.89,3196.638,1567.385,1709.488,6.34%,1,1,1
4/1/09,30.81,3247.818,667.646,703.577,1480.38,3507.647,1563.512,1709.78,-2.94%,1,1,1
5/1/09,33.66,3625.226,652.9955,792.896,1839.63,3664.689,1612.656,1710.006,1.78%,1,1,1
6/1/09,36.25,4182.543,640.9648,849.192,2024.94,4380.348,1667.617,1710.26,1.13%,1,1,1
7/1/09,35.6,4098.425,646.2968,869.93,1927.16,4245.137,1723.765,1710.515,0.37%,1,1,1
8/1/09,38.77,4527.358,648.7013,920.183,2133.72,4415.332,1798.424,1710.799,1.12%,1,1,1
9/1/09,38.62,4570.401,655.6066,937.31,2239.03,4077.663,1831.934,1711.034,2.29%,1,1,1
10/1/09,40.02,4735.024,663.094,989.055,2398.77,4154.285,1871.809,1711.208,0.80%,1,1,1
11/1/09,40.32,4747.041,659.184,1008.504,2392.6,4488.672,1877.005,1711.32,2.60%,1,1,1
12/1/09,42.89,5000.328,666.4442,1020.295,2576.43,4541.383,1897.256,1711.388,-2.02%,1,1,1
1/1/10,43.49,4946.695,651.1459,1052.077,2711.15,4534.168,1888.998,1711.463,1.66%,1,1,1
2/1/10,42.59,4732.454,659.9165,1064.401,2627.49,4237.105,1912.666,1711.557,-1.21%,1,1,1
3/1/10,43.91,4724.441,663.3686,1069.747,2736.54,4368.016,1926.063,1711.702,-0.02%,1,1,1
4/1/10,46.47,5078.38,657.5621,1101.443,2983.3,4557.699,1930.654,1711.923,2.52%,1,1,1
5/1/10,47.74,4916.985,665.0834,1126.509,3268.67,4644.402,1967.571,1712.169,-0.06%,1,1,-1
6/1/10,42.54,4402.736,676.5231,1084.562,2939.77,3951.125,1957.184,1712.388,1.23%,1,1,-1
7/1/10,40.8,4315.007,689.2873,1098.769,2856.67,3936.786,2001.866,1712.561,0.40%,1,1,1
8/1/10,44.76,4873.989,693.3161,1138.647,3217.51,4350.695,2037.581,1712.802,1.26%,1,1,1
9/1/10,43.04,4733.165,703.6363,1141.472,3171.59,4097.859,2066.339,1713.021,1.38%,1,1,1
10/1/10,45.87,5069.613,706.8598,1176.08,3230.7,4386.305,2091.465,1713.236,2.55%,1,1,1
11/1/10,47.47,5233.338,705.8355,1204.162,3384.92,4511.516,2094.285,1713.433,-2.55%,1,1,1
12/1/10,48.71,5096.253,695.9798,1192.226,3336.29,4653.77,2059.422,1713.636,-0.89%,1,1,1
1/1/11,51.57,5420.419,688.9988,1211.186,3524.77,4961.445,2058.928,1713.852,0.13%,1,1,1
2/1/11,52.94,5626.567,686.692,1239.517,3604.91,5094.781,2058.089,1714.061,1.29%,1,1,1
3/1/11,53.05,5734.911,688.4796,1256.002,3645.62,5372.547,2080.939,1714.233,1.02%,1,1,1
4/1/11,54.38,5651.639,687.6027,1260.629,3700.04,5559.316,2078.016,1714.377,2.14%,1,1,1
5/1/11,55.52,5975.46,695.5583,1277.69,3873.19,5724.59,2112.313,1714.462,0.80%,-1,-1,-1
6/1/11,53.75,5739.772,708.7185,1284.754,3799.6,5280.73,2152.158,1714.52,0.15%,-1,-1,-1
7/1/11,54.85,5715.222,702.5608,1273.267,3870.08,5042.848,2122.071,1714.573,4.37%,-1,-1,-1
8/1/11,52.67,5543.808,718.3507,1286.537,3775.28,5185.734,2186.65,1714.631,1.41%,-1,-1,-1
9/1/11,49.09,5116.326,738.7032,1238.877,3556.04,5072.328,2190.214,1714.663,-1.09%,-1,-1,-1
10/1/11,44.47,4501.244,749.022,1194.319,3089.49,4442.93,2184.578,1714.685,3.09%,1,1,1
11/1/11,49.68,4845.432,748.861,1255.678,3549.22,4873.152,2236.702,1714.709,-0.74%,1,1,1
12/1/11,50.86,4835.506,746.536,1243.006,3509.64,4963.281,2175.599,1714.728,0.35%,1,1,1
1/1/12,51.46,4805.124,755.2207,1271.504,3710.61,4885.254,2226.653,1714.743,2.26%,1,1,1
2/1/12,54.57,5125.009,756.4246,1312.56,3983.99,4994.969,2271.199,1714.797,-0.77%,1,1,1
3/1/12,56.64,5325.291,751.0721,1342.173,3944.95,5370.09,2289.128,1714.923,-0.60%,1,1,1
4/1/12,58.47,5338.266,745.6473,1339.351,4125.88,5260.461,2272.943,1715.049,1.89%,1,1,1
5/1/12,57.9,5186.312,754.8181,1356.829,4243.66,5166.598,2299.167,1715.164,2.33%,1,1,1
6/1/12,52.69,4534.555,772.857,1328.889,3946.6,4363.949,2330.373,1715.295,-1.07%,1,1,1
7/1/12,56.4,4937.596,766.4116,1363.904,4327.99,4516.582,2330.301,1715.427,1.74%,1,1,1
8/1/12,56.55,4970.426,772.3288,1391.969,4363.17,4834.441,2392.145,1715.565,-0.14%,1,1,1
9/1/12,58.16,5130.444,773.0331,1406.118,4401.71,5127.734,2402.681,1715.709,0.68%,1,1,1
10/1/12,59.8,5322.298,771.0895,1427.594,4335.94,5064.316,2422.948,1715.863,0.53%,1,1,1
11/1/12,59.3,5344.494,768.4217,1439.918,4355.12,4857.824,2444.786,1716.021,0.64%,1,1,1
12/1/12,58.75,5441.964,773.2682,1449.72,4334.2,4926.477,2446.813,1716.16,-0.65%,1,1,1
1/1/13,59.72,5588.62,770.122,1472.562,4458.1,4889.008,2445.252,1716.246,-0.95%,1,1,1
2/1/13,63.58,5899.833,763.2936,1492.994,4678.32,5129.902,2419.069,1716.358,0.57%,1,1,1
3/1/13,63.9,5763.141,768.8542,1500.131,4729.08,4836.453,2444.687,1716.487,0.21%,1,1,1
4/1/13,65.88,5830.78,769.4454,1515.884,4873.66,4901.262,2445.738,1716.615,0.56%,1,1,1
5/1/13,66.66,6111.603,776.7673,1546.134,5102.56,4582.988,2494.294,1716.699,-4.33%,1,1,1
6/1/13,69.3,5967.766,762.3342,1533.616,4827.14,4666.836,2428.935,1716.768,-3.49%,1,1,1
7/1/13,68.51,5833.571,754.5442,1495.536,4680.89,4660.086,2364.578,1716.833,0.08%,1,1,1
8/1/13,72.71,6142.022,749.7534,1521.3,4703.7,4913.379,2364.802,1716.886,-0.91%,1,1,1
9/1/13,69.69,6083.843,750.1162,1512.464,4429.76,5015.387,2364.844,1716.947,1.33%,1,1,1
10/1/13,72.82,6459.745,754.0873,1528.814,4650.65,4823.016,2379.113,1716.973,-0.05%,1,1,1
11/1/13,75.47,6583.905,756.625,1565.788,4796.93,4696.461,2407.11,1717.045,-0.37%,1,1,1
12/1/13,77.22,6648.253,756.2809,1573.7,4533.2,4764.223,2411.69,1717.142,-1.47%,1,1,1
1/1/14,79.46,6793.91,749.6852,1582.193,4601.14,4829.465,2407.752,1717.235,1.98%,1,1,1
2/1/14,75.1,6460.969,759.4825,1593.286,4673.44,4726.438,2451.39,1717.309,0.45%,1,1,1
3/1/14,79.95,6759.675,761.4396,1625.52,4979.55,5045.418,2476.882,1717.377,-0.67%,1,1,1
4/1/14,81.73,6880.642,758.4907,1630.478,5017.68,4910.066,2475.017,1717.449,1.97%,1,1,1
5/1/14,81.25,6988.514,764.7585,1640.329,5165.08,4978.453,2516.496,1717.494,1.70%,1,1,1
6/1/14,83.06,7096.23,770.361,1654.765,5290.42,4990.605,2542.506,1717.544,-0.11%,1,1,1
7/1/14,85.62,7231.099,767.7482,1669.067,5359.91,5098.59,2537.102,1717.592,0.62%,1,1,1
8/1/14,83.21,7003.493,770.1733,1637.542,5323.81,4802.34,2546.979,1717.628,0.26%,1,1,1
9/1/14,86.85,7061.614,776.0969,1672.43,5513.81,4755.742,2579.745,1717.671,-1.75%,1,1,1
10/1/14,83.95,6718.318,775.6271,1640.17,5208.4,4459.805,2560.423,1717.704,0.09%,1,1,1
11/1/14,87.44,6588.676,779.2492,1656.89,5695.95,4172.156,2568.562,1717.728,0.10%,1,1,1
12/1/14,88.88,6731.984,784.4969,1633.59,5767.74,3827.075,2578.67,1717.756,-0.97%,1,1,1
1/1/15,89.56,6530.307,786.5908,1621,5850.23,3232.798,2587.439,1717.794,3.15%,1,1,1
2/1/15,88.14,6549.771,806.7423,1631.71,6166.71,3041.532,2665.935,1717.836,-1.20%,1,1,1
3/1/15,92.62,6875.256,794.3653,1671.04,6048.09,3121.984,2638.922,1717.859,0.31%,1,1,1
4/1/15,90.69,6799.817,801.6622,1662.27,6085.62,3042.351,2659.589,1717.897,-0.53%,1,1,1
5/1/15,92.41,7072.11,792.1602,1682.26,5838.92,3282.228,2615.782,1717.929,-1.14%,1,1,1
6/1/15,92.88,7007.537,789.7399,1686.536,5854.29,3225.205,2591.159,1717.952,-0.67%,1,1,1
7/1/15,91.65,6880.136,783.2778,1665.457,5622.2,3167.137,2553.524,1717.975,0.70%,1,1,1
8/1/15,92.36,6933.094,793.1564,1652.261,5843.03,2700.083,2580.947,1718.025,-1.02%,1,1,1
9/1/15,84.61,6285.988,794.3275,1621.577,5381.94,2657.507,2567.888,1718.12,0.11%,1,1,1
10/1/15,84.9,6157.901,800.8074,1577.979,5610.23,2584.551,2585.182,1718.147,-0.19%,1,1,1
11/1/15,92.72,6554.153,797.4825,1624.704,6054.8,2588.716,2595.602,1718.174,0.27%,1,1,1
12/1/15,92.9,6524.184,797.0611,1592.248,5989.14,2386.579,2602.044,1718.349,-1.15%,1,1,1
1/1/16,90.16,6360.372,792.9698,1548.579,5984.18,2170.615,2569.73,1718.669,1.12%,1,1,1
2/1/16,85.19,5966.692,807.8841,1520.831,5781,2005.392,2570.017,1719.042,1.16%,1,1,1
3/1/16,87.21,5900.695,812.2887,1545.981,5905.68,2024.285,2588.827,1719.469,2.02%,1,1,1
4/1/16,91.74,6113.803,817.3797,1600.354,6334.23,2070.556,2670.585,1719.905,0.44%,1,1,1
5/1/16,92.54,6428.117,817.1118,1663.166,6320.48,2296.962,2708.362,1720.242,-0.85%,1,1,1
6/1/16,93.63,6358.65,816.6785,1670.031,6382.26,2387.4,2704.248,1720.637,2.78%,1,1,1
7/1/16,93.98,6242.304,836.6978,1695.466,6807.46,2400.04,2778.146,1721.022,-0.27%,1,1,1
8/1/16,97.29,6474.444,836.4364,1734.359,7090.61,2112.299,2797.841,1721.457,0.07%,1,1,1
9/1/16,97.68,6544.379,833.7245,1770.023,6818.94,2154.703,2812.466,1721.896,0.62%,1,1,1
10/1/16,97.45,6594.07,832.6447,1782.589,6624.52,2300.337,2806.149,1722.34,-0.31%,1,1,1
11/1/16,95.09,6462.048,824.5741,1780.55,6265.52,2245.066,2783.686,1722.787,-2.22%,1,1,1
12/1/16,99.8,6368.346,798.7712,1780.867,6180.5,2354.681,2697.858,1723.428,0.12%,1,1,1
1/1/17,102.21,6587.272,801.122,1813.846,6539.68,2417.311,2726.778,1724.13,0.75%,1,1,1
2/1/17,104.06,6772.088,801.9218,1841.995,6482.13,2418.545,2731.463,1724.936,-0.14%,1,1,1
3/1/17,109.4,6874.186,801.7458,1871.441,6809.24,2394.746,2750.04,1725.634,0.65%,1,1,1
4/1/17,107.68,7001.068,806.4564,1862.806,6742.44,2279.809,2760.116,1726.799,0.12%,1,1,1
5/1/17,109.32,7200.085,809.9775,1885.155,6810.33,2240.402,2782.231,1727.87,0.38%,1,1,1
6/1/17,111.18,7454.752,816.5504,1902.742,6798.4,2209.488,2819.349,1729.196,-0.90%,1,1,1
7/1/17,111.48,7454.922,815.9787,1903.273,6973.31,2201.153,2830.312,1730.707,0.61%,1,1,1
8/1/17,113.5,7723.62,819.2327,1925.741,7005.35,2239.534,2859.741,1732.193,0.76%,1,1,1
9/1/17,113.79,7696.028,824.2513,1924.768,7028.27,2253.928,2866.675,1733.708,-0.50%,1,1,1
10/1/17,116.79,7857.747,819.0804,1940.87,6970.01,2295.602,2868.164,1735.24,0.25%,1,1,1
11/1/17,118.84,7996.401,818.0714,1949.798,6979.23,2415.483,2880.418,1736.793,0.49%,1,1,1
12/1/17,122.12,8000.691,819.6345,1944.197,7166.4,2478.921,2887.387,1738.572,0.52%,1,1,1
1/1/18,123.67,8199.97,819.5388,1949.967,7145.73,2556.708,2901.783,1740.341,-1.20%,1,1,1
2/1/18,130.16,8584.681,806.0764,1959.731,6793.76,2665.627,2865.653,1742.651,-0.30%,1,1,1
3/1/18,123.88,8067.155,805.2002,1941.508,6412.5,2542.466,2831.351,1744.77,0.77%,1,1,1
4/1/18,120,8034.279,809.9427,1933.242,6583.04,2567.746,2834.542,1747.397,-0.50%,1,1,1
5/1/18,123.55,8180.62,801.7301,1943.779,6749.88,2716.404,2798.285,1749.869,0.45%,1,1,1
6/1/18,127.92,8113.488,807.4964,1946.994,6971.75,2759.11,2811.74,1752.677,0.89%,1,1,1
7/1/18,127.86,7895.741,810.8873,1953.09,7193.52,2776.562,2806.885,1755.542,-0.84%,1,1,1
8/1/18,131.74,8177.647,805.7469,1974.994,7315.24,2679.361,2823.169,1758.401,0.97%,1,1,1
9/1/18,136.47,8028.067,813.5568,1988.965,7450.32,2751.35,2844.2,1761.373,-1.22%,1,1,1
10/1/18,136.91,8110.1,805.0234,2003.873,7208.82,2917.345,2831.636,1764.591,0.38%,1,1,1
11/1/18,140.157,8102.6736,807.85921,2018.4731,7447.212,2864.123,2846.6581,1767.4145,-0.90%,1,1,1
12/1/18,142.816,8115.2286,807.63156,2033.4364,7520.306,2893.2488,2854.3688,1770.3804,0.61%,1,1,1
1/1/19,145.475,8127.7836,807.40391,2048.3997,7593.4,2922.3746,2862.0795,1773.3463,0.76%,1,1,1