03/01/2005;REP;19,2
04/01/2005;REP;19,16
05/01/2005;REP;18,85
07/01/2005;REP;18,88
10/01/2005;REP;18,9
11/01/2005;REP;18,55
12/01/2005;REP;18,82
13/01/2005;REP;18,98
14/01/2005;REP;19,25
17/01/2005;REP;19,39
18/01/2005;REP;19,4
19/01/2005;REP;19,31
20/01/2005;REP;19,22
21/01/2005;REP;19,2
24/01/2005;REP;19,34
25/01/2005;REP;19,44
26/01/2005;REP;19,41
27/01/2005;REP;19,55
28/01/2005;REP;19,45
31/01/2005;REP;19,6
01/02/2005;REP;19,74
02/02/2005;REP;19,71
03/02/2005;REP;19,69
04/02/2005;REP;19,86
07/02/2005;REP;20,09
08/02/2005;REP;20,02
09/02/2005;REP;19,99
10/02/2005;REP;19,96
11/02/2005;REP;20,1
14/02/2005;REP;19,96
15/02/2005;REP;20,12
16/02/2005;REP;20,07
17/02/2005;REP;20,28
18/02/2005;REP;20,64
21/02/2005;REP;20,47
22/02/2005;REP;20,07
23/02/2005;REP;20
24/02/2005;REP;20,28
25/02/2005;REP;20,52
28/02/2005;REP;20,56
01/03/2005;REP;20,65
02/03/2005;REP;20,71
03/03/2005;REP;21,02
04/03/2005;REP;21,35
07/03/2005;REP;21,23
08/03/2005;REP;21,15
09/03/2005;REP;21,18
10/03/2005;REP;20,74
11/03/2005;REP;20,84
14/03/2005;REP;20,78
15/03/2005;REP;20,88
16/03/2005;REP;20,4
17/03/2005;REP;20,46
18/03/2005;REP;20,67
21/03/2005;REP;20,67
22/03/2005;REP;20,62
23/03/2005;REP;20,32
24/03/2005;REP;20,4
29/03/2005;REP;20,51
30/03/2005;REP;20,25
31/03/2005;REP;20,42
01/04/2005;REP;20,56
04/04/2005;REP;20,67
05/04/2005;REP;20,86
06/04/2005;REP;21,04
07/04/2005;REP;21,05
08/04/2005;REP;20,77
11/04/2005;REP;20,6
12/04/2005;REP;20,6
13/04/2005;REP;20,76
14/04/2005;REP;20,81
15/04/2005;REP;20,3
18/04/2005;REP;19,87
19/04/2005;REP;19,78
20/04/2005;REP;19,71
21/04/2005;REP;19,62
22/04/2005;REP;19,82
25/04/2005;REP;19,97
26/04/2005;REP;19,97
27/04/2005;REP;19,67
28/04/2005;REP;19,6
29/04/2005;REP;19,63
02/05/2005;REP;19,82
03/05/2005;REP;19,91
04/05/2005;REP;19,87
05/05/2005;REP;20,08
06/05/2005;REP;20,16
09/05/2005;REP;20,07
10/05/2005;REP;19,97
11/05/2005;REP;19,9
12/05/2005;REP;19,9
13/05/2005;REP;19,74
16/05/2005;REP;19,68
17/05/2005;REP;19,65
18/05/2005;REP;19,95
19/05/2005;REP;20,03
20/05/2005;REP;19,95
23/05/2005;REP;19,9
24/05/2005;REP;19,94
25/05/2005;REP;20,18
26/05/2005;REP;20,57
27/05/2005;REP;20,6
30/05/2005;REP;20,75
31/05/2005;REP;20,31
01/06/2005;REP;20,48
02/06/2005;REP;20,42
03/06/2005;REP;20,31
06/06/2005;REP;20,2
07/06/2005;REP;20,22
08/06/2005;REP;20,02
09/06/2005;REP;19,9
10/06/2005;REP;20,11
13/06/2005;REP;20,29
14/06/2005;REP;20,54
15/06/2005;REP;20,67
16/06/2005;REP;20,9
17/06/2005;REP;21,22
20/06/2005;REP;21,24
21/06/2005;REP;21,37
22/06/2005;REP;21,24
23/06/2005;REP;21,58
24/06/2005;REP;21,34
27/06/2005;REP;21,37
28/06/2005;REP;21,37
29/06/2005;REP;21,2
30/06/2005;REP;21,16
01/07/2005;REP;21,49
04/07/2005;REP;21,73
05/07/2005;REP;21,96
06/07/2005;REP;22,41
07/07/2005;REP;22,07
08/07/2005;REP;22,85
11/07/2005;REP;22,78
12/07/2005;REP;22,62
13/07/2005;REP;22,96
14/07/2005;REP;22,9
15/07/2005;REP;22,7
18/07/2005;REP;22,67
19/07/2005;REP;23,09
20/07/2005;REP;22,76
21/07/2005;REP;22,73
22/07/2005;REP;22,82
25/07/2005;REP;23,15
26/07/2005;REP;23,24
27/07/2005;REP;23,28
28/07/2005;REP;22,96
29/07/2005;REP;23,12
01/08/2005;REP;22,99
02/08/2005;REP;23,23
03/08/2005;REP;23,38
04/08/2005;REP;23,04
05/08/2005;REP;23,01
08/08/2005;REP;23,42
09/08/2005;REP;23,87
10/08/2005;REP;23,97
11/08/2005;REP;24,16
12/08/2005;REP;24,15
15/08/2005;REP;24,15
16/08/2005;REP;23,85
17/08/2005;REP;23,8
18/08/2005;REP;23,52
19/08/2005;REP;23,83
22/08/2005;REP;24,09
23/08/2005;REP;23,86
24/08/2005;REP;23,85
25/08/2005;REP;23,52
26/08/2005;REP;23,17
29/08/2005;REP;23,28
30/08/2005;REP;23,37
31/08/2005;REP;23,98
01/09/2005;REP;24,54
02/09/2005;REP;24,56
05/09/2005;REP;24,63
06/09/2005;REP;24,95
07/09/2005;REP;24,91
08/09/2005;REP;25,1
09/09/2005;REP;25,62
12/09/2005;REP;25,95
13/09/2005;REP;25,6
14/09/2005;REP;25,54
15/09/2005;REP;25,65
16/09/2005;REP;25,74
19/09/2005;REP;26,06
20/09/2005;REP;26,23
21/09/2005;REP;26,12
22/09/2005;REP;27
23/09/2005;REP;27,96
26/09/2005;REP;27
27/09/2005;REP;27,08
28/09/2005;REP;26,95
29/09/2005;REP;27,15
30/09/2005;REP;26,96
03/10/2005;REP;27,27
04/10/2005;REP;26,87
05/10/2005;REP;26,02
06/10/2005;REP;25,54
07/10/2005;REP;25,56
10/10/2005;REP;25,5
11/10/2005;REP;25,44
12/10/2005;REP;25,46
13/10/2005;REP;24,89
14/10/2005;REP;24,75
17/10/2005;REP;25,06
18/10/2005;REP;24,87
19/10/2005;REP;24,6
20/10/2005;REP;24,22
21/10/2005;REP;23,97
24/10/2005;REP;24,49
25/10/2005;REP;24,36
26/10/2005;REP;24,67
27/10/2005;REP;24,2
28/10/2005;REP;24,08
31/10/2005;REP;24,84
01/11/2005;REP;24,71
02/11/2005;REP;24,99
03/11/2005;REP;25,23
04/11/2005;REP;25,39
07/11/2005;REP;25,28
08/11/2005;REP;25,25
09/11/2005;REP;25,25
10/11/2005;REP;24,52
11/11/2005;REP;24,74
14/11/2005;REP;24,85
15/11/2005;REP;24,7
16/11/2005;REP;24,53
17/11/2005;REP;24,67
18/11/2005;REP;24,9
21/11/2005;REP;25,6
22/11/2005;REP;25,88
23/11/2005;REP;25,92
24/11/2005;REP;25,97
25/11/2005;REP;25,98
28/11/2005;REP;25,65
29/11/2005;REP;25,37
30/11/2005;REP;25,01
01/12/2005;REP;25,49
02/12/2005;REP;25,56
05/12/2005;REP;25,6
06/12/2005;REP;25,54
07/12/2005;REP;25,42
08/12/2005;REP;25,46
09/12/2005;REP;25,01
12/12/2005;REP;25,05
13/12/2005;REP;25,3
14/12/2005;REP;25,34
15/12/2005;REP;25,13
16/12/2005;REP;25,14
19/12/2005;REP;24,56
20/12/2005;REP;24,74
21/12/2005;REP;24,94
22/12/2005;REP;24,85
23/12/2005;REP;25,06
27/12/2005;REP;25,08
28/12/2005;REP;24,92
29/12/2005;REP;25,02
30/12/2005;REP;24,67
02/01/2006;REP;24,96
03/01/2006;REP;25,47
04/01/2006;REP;25,69
05/01/2006;REP;25,71
09/01/2006;REP;26,1
10/01/2006;REP;25,87
11/01/2006;REP;26,02
12/01/2006;REP;25,78
13/01/2006;REP;25,44
16/01/2006;REP;25,74
17/01/2006;REP;25,74
18/01/2006;REP;25,31
19/01/2006;REP;25,14
20/01/2006;REP;25,15
23/01/2006;REP;24,95
24/01/2006;REP;24,69
25/01/2006;REP;24,78
26/01/2006;REP;22,88
27/01/2006;REP;22,17
30/01/2006;REP;22
31/01/2006;REP;22,31
01/02/2006;REP;22,59
02/02/2006;REP;22,28
03/02/2006;REP;22,25
06/02/2006;REP;23,18
07/02/2006;REP;23,2
08/02/2006;REP;22,89
09/02/2006;REP;23,32
10/02/2006;REP;23,36
13/02/2006;REP;23,43
14/02/2006;REP;23,19
15/02/2006;REP;23,1
16/02/2006;REP;23,18
17/02/2006;REP;23,3
20/02/2006;REP;23,49
21/02/2006;REP;23,75
22/02/2006;REP;23,59
23/02/2006;REP;23,21
24/02/2006;REP;23,77
27/02/2006;REP;23,79
28/02/2006;REP;23,44
01/03/2006;REP;23,55
02/03/2006;REP;23,8
03/03/2006;REP;23,76
06/03/2006;REP;23,59
07/03/2006;REP;23,38
08/03/2006;REP;23,15
09/03/2006;REP;23,25
10/03/2006;REP;23,2
13/03/2006;REP;23,25
14/03/2006;REP;23,2
15/03/2006;REP;23,3
16/03/2006;REP;23,71
17/03/2006;REP;23,75
20/03/2006;REP;23,88
21/03/2006;REP;23,75
22/03/2006;REP;23,71
23/03/2006;REP;23,47
24/03/2006;REP;23,71
27/03/2006;REP;23,44
28/03/2006;REP;23,21
29/03/2006;REP;23,3
30/03/2006;REP;23,5
31/03/2006;REP;23,44
03/04/2006;REP;23,53
04/04/2006;REP;23,17
05/04/2006;REP;23,25
06/04/2006;REP;23,35
07/04/2006;REP;23,49
10/04/2006;REP;23,57
11/04/2006;REP;23,37
12/04/2006;REP;23,17
13/04/2006;REP;23,1
18/04/2006;REP;23,59
19/04/2006;REP;23,83
20/04/2006;REP;23,72
21/04/2006;REP;23,98
24/04/2006;REP;24,31
25/04/2006;REP;23,99
26/04/2006;REP;24,13
27/04/2006;REP;23,94
28/04/2006;REP;23,68
02/05/2006;REP;23,53
03/05/2006;REP;23,22
04/05/2006;REP;23,22
05/05/2006;REP;23,21
08/05/2006;REP;22,86
09/05/2006;REP;22,84
10/05/2006;REP;22,58
11/05/2006;REP;22,31
12/05/2006;REP;21,55
15/05/2006;REP;21,48
16/05/2006;REP;21,42
17/05/2006;REP;20,55
18/05/2006;REP;20,61
19/05/2006;REP;20,41
22/05/2006;REP;20,21
23/05/2006;REP;21,1
24/05/2006;REP;21,21
25/05/2006;REP;21,74
26/05/2006;REP;21,99
29/05/2006;REP;22,05
30/05/2006;REP;21,42
31/05/2006;REP;21,77
01/06/2006;REP;21,9
02/06/2006;REP;21,87
05/06/2006;REP;21,91
06/06/2006;REP;21,5
07/06/2006;REP;21,53
08/06/2006;REP;20,99
09/06/2006;REP;21,25
12/06/2006;REP;21,06
13/06/2006;REP;20,38
14/06/2006;REP;20,51
15/06/2006;REP;20,72
16/06/2006;REP;20,86
19/06/2006;REP;20,88
20/06/2006;REP;21,03
21/06/2006;REP;20,82
22/06/2006;REP;21,05
23/06/2006;REP;21,35
26/06/2006;REP;21,49
27/06/2006;REP;21,64
28/06/2006;REP;21,59
29/06/2006;REP;22,05
30/06/2006;REP;22,39
03/07/2006;REP;22,7
04/07/2006;REP;22,69
05/07/2006;REP;22,15
06/07/2006;REP;22,56
07/07/2006;REP;22,59
10/07/2006;REP;22,68
11/07/2006;REP;22,45
12/07/2006;REP;22,55
13/07/2006;REP;22,24
14/07/2006;REP;22,14
17/07/2006;REP;21,95
18/07/2006;REP;21,79
19/07/2006;REP;22,13
20/07/2006;REP;22,1
21/07/2006;REP;21,91
24/07/2006;REP;22,2
25/07/2006;REP;22,43
26/07/2006;REP;22,42
27/07/2006;REP;22,45
28/07/2006;REP;22,37
31/07/2006;REP;22
01/08/2006;REP;22,01
02/08/2006;REP;22,39
03/08/2006;REP;22,17
04/08/2006;REP;22,25
07/08/2006;REP;22,01
08/08/2006;REP;22,08
09/08/2006;REP;22,23
10/08/2006;REP;22,16
11/08/2006;REP;21,99
14/08/2006;REP;22,24
15/08/2006;REP;22,35
16/08/2006;REP;22,38
17/08/2006;REP;22,37
18/08/2006;REP;22,31
21/08/2006;REP;22,54
22/08/2006;REP;22,64
23/08/2006;REP;22,55
24/08/2006;REP;22,48
25/08/2006;REP;22,54
28/08/2006;REP;22,64
29/08/2006;REP;22,64
30/08/2006;REP;22,6
31/08/2006;REP;22,44
01/09/2006;REP;22,39
04/09/2006;REP;22,52
05/09/2006;REP;22,39
06/09/2006;REP;22,13
07/09/2006;REP;21,91
08/09/2006;REP;22,03
11/09/2006;REP;21,79
12/09/2006;REP;21,85
13/09/2006;REP;21,61
14/09/2006;REP;21,49
15/09/2006;REP;21,55
18/09/2006;REP;21,74
19/09/2006;REP;21,65
20/09/2006;REP;21,71
21/09/2006;REP;21,84
22/09/2006;REP;21,69
25/09/2006;REP;21,52
26/09/2006;REP;21,96
27/09/2006;REP;22,82
28/09/2006;REP;23,4
29/09/2006;REP;23,47
02/10/2006;REP;23,72
03/10/2006;REP;23,3
04/10/2006;REP;23,23
05/10/2006;REP;23,78
06/10/2006;REP;23,82
09/10/2006;REP;23,75
10/10/2006;REP;24,62
11/10/2006;REP;25,48
12/10/2006;REP;25,65
13/10/2006;REP;26,16
16/10/2006;REP;27,35
17/10/2006;REP;25,7
18/10/2006;REP;25,74
19/10/2006;REP;25,78
20/10/2006;REP;26,05
23/10/2006;REP;25,85
24/10/2006;REP;25,73
25/10/2006;REP;25,6
26/10/2006;REP;25,8
27/10/2006;REP;26
30/10/2006;REP;25,95
31/10/2006;REP;26
01/11/2006;REP;25,91
02/11/2006;REP;26,18
03/11/2006;REP;26,65
06/11/2006;REP;27,05
07/11/2006;REP;27,76
08/11/2006;REP;27,8
09/11/2006;REP;27,91
10/11/2006;REP;27,8
13/11/2006;REP;27,8
14/11/2006;REP;28,41
15/11/2006;REP;27,9
16/11/2006;REP;27,81
17/11/2006;REP;27,19
20/11/2006;REP;27,55
21/11/2006;REP;27,65
22/11/2006;REP;27,8
23/11/2006;REP;27,8
24/11/2006;REP;27,65
27/11/2006;REP;27,4
28/11/2006;REP;27,53
29/11/2006;REP;27,7
30/11/2006;REP;27,1
01/12/2006;REP;26,84
04/12/2006;REP;27,15
05/12/2006;REP;27,6
06/12/2006;REP;27,7
07/12/2006;REP;27,71
08/12/2006;REP;27,7
11/12/2006;REP;27,75
12/12/2006;REP;27,71
13/12/2006;REP;27,91
14/12/2006;REP;27,84
15/12/2006;REP;27,8
18/12/2006;REP;27,13
19/12/2006;REP;26,96
20/12/2006;REP;26,92
21/12/2006;REP;26,6
22/12/2006;REP;26,25
27/12/2006;REP;26,5
28/12/2006;REP;26,41
29/12/2006;REP;26,2
02/01/2007;REP;26,63
03/01/2007;REP;26,55
04/01/2007;REP;26,53
05/01/2007;REP;26,04
08/01/2007;REP;25,95
09/01/2007;REP;25,47
10/01/2007;REP;25,22
11/01/2007;REP;25,25
12/01/2007;REP;25,22
15/01/2007;REP;25,4
16/01/2007;REP;24,95
17/01/2007;REP;24,79
18/01/2007;REP;24,72
19/01/2007;REP;24,78
22/01/2007;REP;24,71
23/01/2007;REP;24,7
24/01/2007;REP;25,19
25/01/2007;REP;25,07
26/01/2007;REP;24,9
29/01/2007;REP;24,87
30/01/2007;REP;25,14
31/01/2007;REP;25,14
01/02/2007;REP;25,28
02/02/2007;REP;25,35
05/02/2007;REP;25,64
06/02/2007;REP;25,51
07/02/2007;REP;25,43
08/02/2007;REP;25,27
09/02/2007;REP;25,31
12/02/2007;REP;25,18
13/02/2007;REP;25,39
14/02/2007;REP;25,44
15/02/2007;REP;25,23
16/02/2007;REP;25,08
19/02/2007;REP;25,09
20/02/2007;REP;24,95
21/02/2007;REP;24,92
22/02/2007;REP;24,86
23/02/2007;REP;24,99
26/02/2007;REP;25,19
27/02/2007;REP;24,54
28/02/2007;REP;24,03
01/03/2007;REP;23,76
02/03/2007;REP;23,45
05/03/2007;REP;23,33
06/03/2007;REP;23,36
07/03/2007;REP;23,33
08/03/2007;REP;23,82
09/03/2007;REP;24,02
12/03/2007;REP;23,96
13/03/2007;REP;23,78
14/03/2007;REP;23,02
15/03/2007;REP;23,42
16/03/2007;REP;24,16
19/03/2007;REP;24,06
20/03/2007;REP;24,09
21/03/2007;REP;23,92
22/03/2007;REP;24,19
23/03/2007;REP;25,03
26/03/2007;REP;24,92
27/03/2007;REP;24,62
28/03/2007;REP;24,96
29/03/2007;REP;25,22
30/03/2007;REP;25,24
02/04/2007;REP;25,28
03/04/2007;REP;25,5
04/04/2007;REP;25,34
05/04/2007;REP;25,51
10/04/2007;REP;25,41
11/04/2007;REP;25,68
12/04/2007;REP;25,96
13/04/2007;REP;26,29
16/04/2007;REP;26,02
17/04/2007;REP;26,09
18/04/2007;REP;25,74
19/04/2007;REP;25,66
20/04/2007;REP;25,79
23/04/2007;REP;25,85
24/04/2007;REP;25,05
25/04/2007;REP;25,02
26/04/2007;REP;25,01
27/04/2007;REP;24,32
30/04/2007;REP;24,24
02/05/2007;REP;24,47
03/05/2007;REP;24,57
04/05/2007;REP;24,92
07/05/2007;REP;24,9
08/05/2007;REP;24,81
09/05/2007;REP;24,97
10/05/2007;REP;24,81
11/05/2007;REP;25,26
14/05/2007;REP;25,31
15/05/2007;REP;25,45
16/05/2007;REP;25,9
17/05/2007;REP;26,47
18/05/2007;REP;26,91
21/05/2007;REP;27,01
22/05/2007;REP;26,96
23/05/2007;REP;26,93
24/05/2007;REP;26,75
25/05/2007;REP;26,6
28/05/2007;REP;26,66
29/05/2007;REP;26,93
30/05/2007;REP;26,72
31/05/2007;REP;27,25
01/06/2007;REP;27,48
04/06/2007;REP;27,2
05/06/2007;REP;26,95
06/06/2007;REP;26,4
07/06/2007;REP;26,3
08/06/2007;REP;26,39
11/06/2007;REP;26,91
12/06/2007;REP;26,59
13/06/2007;REP;26,97
14/06/2007;REP;27,65
15/06/2007;REP;28,76
18/06/2007;REP;28,87
19/06/2007;REP;28,6
20/06/2007;REP;28,88
21/06/2007;REP;29,1
22/06/2007;REP;28,83
25/06/2007;REP;28,87
26/06/2007;REP;28,99
27/06/2007;REP;28,28
28/06/2007;REP;28,94
29/06/2007;REP;29,25
02/07/2007;REP;29,95
03/07/2007;REP;30,09
04/07/2007;REP;30,35
05/07/2007;REP;29,94
06/07/2007;REP;30,29
09/07/2007;REP;30,16
10/07/2007;REP;29,64
11/07/2007;REP;29,62
12/07/2007;REP;29,68
13/07/2007;REP;29,48
16/07/2007;REP;29,38
17/07/2007;REP;29,38
18/07/2007;REP;29,06
19/07/2007;REP;29,4
20/07/2007;REP;28,8
23/07/2007;REP;29,03
24/07/2007;REP;28,46
25/07/2007;REP;28,16
26/07/2007;REP;26,96
27/07/2007;REP;27
30/07/2007;REP;27,35
31/07/2007;REP;27,94
01/08/2007;REP;27,83
02/08/2007;REP;27,57
03/08/2007;REP;27,06
06/08/2007;REP;27,01
07/08/2007;REP;27,68
08/08/2007;REP;28,67
09/08/2007;REP;28,02
10/08/2007;REP;27,16
13/08/2007;REP;27,85
14/08/2007;REP;27,3
15/08/2007;REP;27,24
16/08/2007;REP;26,02
17/08/2007;REP;26,54
20/08/2007;REP;26,25
21/08/2007;REP;26,03
22/08/2007;REP;26,13
23/08/2007;REP;25,94
24/08/2007;REP;26,14
27/08/2007;REP;25,9
28/08/2007;REP;25,6
29/08/2007;REP;25,82
30/08/2007;REP;26,16
31/08/2007;REP;26,48
03/09/2007;REP;26,45
04/09/2007;REP;26,34
05/09/2007;REP;25,78
06/09/2007;REP;25,46
07/09/2007;REP;24,68
10/09/2007;REP;24,43
11/09/2007;REP;24,89
12/09/2007;REP;24,83
13/09/2007;REP;24,63
14/09/2007;REP;24,33
17/09/2007;REP;24,28
18/09/2007;REP;24,81
19/09/2007;REP;25,76
20/09/2007;REP;25,53
21/09/2007;REP;25,32
24/09/2007;REP;25,35
25/09/2007;REP;25,2
26/09/2007;REP;25,47
27/09/2007;REP;25,29
28/09/2007;REP;25,05
01/10/2007;REP;24,9
02/10/2007;REP;25,07
03/10/2007;REP;25,1
04/10/2007;REP;25,2
05/10/2007;REP;25,45
08/10/2007;REP;25,44
09/10/2007;REP;25,45
10/10/2007;REP;25,38
11/10/2007;REP;25,42
12/10/2007;REP;25,6
15/10/2007;REP;25,57
16/10/2007;REP;25,77
17/10/2007;REP;25,62
18/10/2007;REP;26,44
19/10/2007;REP;27,27
22/10/2007;REP;26,74
23/10/2007;REP;26,67
24/10/2007;REP;26,4
25/10/2007;REP;26,46
26/10/2007;REP;26,84
29/10/2007;REP;27,33
30/10/2007;REP;27,16
31/10/2007;REP;27,25
01/11/2007;REP;27,19
02/11/2007;REP;27,02
05/11/2007;REP;27,15
06/11/2007;REP;26,79
07/11/2007;REP;26,71
08/11/2007;REP;26,64
09/11/2007;REP;26,99
12/11/2007;REP;26,52
13/11/2007;REP;26,32
14/11/2007;REP;26,13
15/11/2007;REP;25,66
16/11/2007;REP;25,33
19/11/2007;REP;24,88
20/11/2007;REP;25,12
21/11/2007;REP;24,76
22/11/2007;REP;24,92
23/11/2007;REP;24,97
26/11/2007;REP;24,5
27/11/2007;REP;24,31
28/11/2007;REP;24,62
29/11/2007;REP;24,9
30/11/2007;REP;25,18
03/12/2007;REP;24,88
04/12/2007;REP;24,66
05/12/2007;REP;25,25
06/12/2007;REP;25,09
07/12/2007;REP;25,19
10/12/2007;REP;24,98
11/12/2007;REP;25,22
12/12/2007;REP;25,36
13/12/2007;REP;25
14/12/2007;REP;25,15
17/12/2007;REP;24,78
18/12/2007;REP;24,47
19/12/2007;REP;24,38
20/12/2007;REP;24,09
21/12/2007;REP;23,88
27/12/2007;REP;24,28
28/12/2007;REP;24,38
02/01/2008;REP;24,7
03/01/2008;REP;24,87
04/01/2008;REP;24,6
07/01/2008;REP;24,98
08/01/2008;REP;24,81
09/01/2008;REP;25,07
10/01/2008;REP;24,71
11/01/2008;REP;24,39
14/01/2008;REP;24,09
15/01/2008;REP;22,75
16/01/2008;REP;22,39
17/01/2008;REP;22,21
18/01/2008;REP;22,01
21/01/2008;REP;19,86
22/01/2008;REP;20,33
23/01/2008;REP;19,45
24/01/2008;REP;21,18
25/01/2008;REP;21,07
28/01/2008;REP;21,01
29/01/2008;REP;21,56
30/01/2008;REP;21,35
31/01/2008;REP;21,33
01/02/2008;REP;22
04/02/2008;REP;22,04
05/02/2008;REP;20,83
06/02/2008;REP;21
07/02/2008;REP;20,61
08/02/2008;REP;20,86
11/02/2008;REP;21,09
12/02/2008;REP;22,1
13/02/2008;REP;22
14/02/2008;REP;22,79
15/02/2008;REP;22,38
18/02/2008;REP;22,59
19/02/2008;REP;22,61
20/02/2008;REP;22,19
21/02/2008;REP;22,19
22/02/2008;REP;21,92
25/02/2008;REP;22,44
26/02/2008;REP;23,09
27/02/2008;REP;22,91
28/02/2008;REP;23,08
29/02/2008;REP;22,85
03/03/2008;REP;21,99
04/03/2008;REP;21,15
05/03/2008;REP;21,72
06/03/2008;REP;21,19
07/03/2008;REP;20,89
10/03/2008;REP;20,95
11/03/2008;REP;21,79
12/03/2008;REP;22,16
13/03/2008;REP;22,54
14/03/2008;REP;22,52
17/03/2008;REP;21,58
18/03/2008;REP;22,35
19/03/2008;REP;22,08
20/03/2008;REP;21,86
25/03/2008;REP;22,46
26/03/2008;REP;22,43
27/03/2008;REP;22,52
28/03/2008;REP;22,27
31/03/2008;REP;21,86
01/04/2008;REP;22,46
02/04/2008;REP;23,49
03/04/2008;REP;23,45
04/04/2008;REP;23,8
07/04/2008;REP;24,45
08/04/2008;REP;24,43
09/04/2008;REP;24,04
10/04/2008;REP;23,92
11/04/2008;REP;23,53
14/04/2008;REP;23,5
15/04/2008;REP;25,68
16/04/2008;REP;25,79
17/04/2008;REP;25,53
18/04/2008;REP;26,21
21/04/2008;REP;25,96
22/04/2008;REP;25,86
23/04/2008;REP;25,96
24/04/2008;REP;26,2
25/04/2008;REP;26,16
28/04/2008;REP;26,19
29/04/2008;REP;26,09
30/04/2008;REP;26,04
02/05/2008;REP;26,63
05/05/2008;REP;26,6
06/05/2008;REP;26,66
07/05/2008;REP;26,62
08/05/2008;REP;26,61
09/05/2008;REP;26,35
12/05/2008;REP;26,43
13/05/2008;REP;26,25
14/05/2008;REP;26,9
15/05/2008;REP;26,93
16/05/2008;REP;26,89
19/05/2008;REP;27,28
20/05/2008;REP;27,03
21/05/2008;REP;27,52
22/05/2008;REP;27,57
23/05/2008;REP;26,98
26/05/2008;REP;26,8
27/05/2008;REP;26,15
28/05/2008;REP;26,44
29/05/2008;REP;26,73
30/05/2008;REP;26,6
02/06/2008;REP;26
03/06/2008;REP;26,61
04/06/2008;REP;26,57
05/06/2008;REP;26,58
06/06/2008;REP;26,55
09/06/2008;REP;26,65
10/06/2008;REP;26,15
11/06/2008;REP;25,98
12/06/2008;REP;26,8
13/06/2008;REP;27,11
16/06/2008;REP;26,93
17/06/2008;REP;26,89
18/06/2008;REP;26,15
19/06/2008;REP;26,18
20/06/2008;REP;25,89
23/06/2008;REP;25,66
24/06/2008;REP;25,14
25/06/2008;REP;25,17
26/06/2008;REP;24,61
27/06/2008;REP;24,75
30/06/2008;REP;25,03
01/07/2008;REP;24,39
02/07/2008;REP;24,43
03/07/2008;REP;24,37
04/07/2008;REP;24,17
07/07/2008;REP;24,4
08/07/2008;REP;23,69
09/07/2008;REP;23,71
10/07/2008;REP;22,99
11/07/2008;REP;22,63
14/07/2008;REP;22,61
15/07/2008;REP;22,02
16/07/2008;REP;21,53
17/07/2008;REP;21,89
18/07/2008;REP;21,85
21/07/2008;REP;21,76
22/07/2008;REP;22,09
23/07/2008;REP;22,34
24/07/2008;REP;21,68
25/07/2008;REP;21,53
28/07/2008;REP;21,67
29/07/2008;REP;21,71
30/07/2008;REP;21,72
31/07/2008;REP;21,62
01/08/2008;REP;20,8
04/08/2008;REP;20,21
05/08/2008;REP;20,22
06/08/2008;REP;20,53
07/08/2008;REP;20,54
08/08/2008;REP;20,63
11/08/2008;REP;20,9
12/08/2008;REP;20,9
13/08/2008;REP;20,51
14/08/2008;REP;20,3
15/08/2008;REP;20,25
18/08/2008;REP;20,39
19/08/2008;REP;20,03
20/08/2008;REP;20,35
21/08/2008;REP;20,39
22/08/2008;REP;20,79
25/08/2008;REP;20,47
26/08/2008;REP;20,38
27/08/2008;REP;20,91
28/08/2008;REP;20,97
29/08/2008;REP;21,2
01/09/2008;REP;21,12
02/09/2008;REP;20,98
03/09/2008;REP;20,73
04/09/2008;REP;20,35
05/09/2008;REP;19,47
08/09/2008;REP;19,92
09/09/2008;REP;18,95
10/09/2008;REP;18,9
11/09/2008;REP;19,07
12/09/2008;REP;20,14
15/09/2008;REP;18,64
16/09/2008;REP;18,75
17/09/2008;REP;18,86
18/09/2008;REP;18,79
19/09/2008;REP;19,86
22/09/2008;REP;19,82
23/09/2008;REP;20,08
24/09/2008;REP;20,43
25/09/2008;REP;21,42
26/09/2008;REP;21,52
29/09/2008;REP;20,4
30/09/2008;REP;20,9
01/10/2008;REP;20,85
02/10/2008;REP;19,7
03/10/2008;REP;20,71
06/10/2008;REP;19,22
07/10/2008;REP;19,9
08/10/2008;REP;18,34
09/10/2008;REP;16,94
10/10/2008;REP;16,13
13/10/2008;REP;17,02
14/10/2008;REP;17,57
15/10/2008;REP;16,35
16/10/2008;REP;15,7
17/10/2008;REP;16,99
20/10/2008;REP;18,01
21/10/2008;REP;17,9
22/10/2008;REP;15,08
23/10/2008;REP;14,66
24/10/2008;REP;13,92
27/10/2008;REP;13,45
28/10/2008;REP;12,92
29/10/2008;REP;14,43
30/10/2008;REP;14,6
31/10/2008;REP;14,84
03/11/2008;REP;15,21
04/11/2008;REP;16,13
05/11/2008;REP;16,1
06/11/2008;REP;14,73
07/11/2008;REP;14,9
10/11/2008;REP;15,1
11/11/2008;REP;14,22
12/11/2008;REP;14,24
13/11/2008;REP;14,42
14/11/2008;REP;14,56
17/11/2008;REP;14,07
18/11/2008;REP;14,46
19/11/2008;REP;13,95
20/11/2008;REP;13,6
21/11/2008;REP;13,91
24/11/2008;REP;15
25/11/2008;REP;14,85
26/11/2008;REP;14,62
27/11/2008;REP;15,2
28/11/2008;REP;15,2
01/12/2008;REP;14,3
02/12/2008;REP;14,68
03/12/2008;REP;14,79
04/12/2008;REP;14,96
05/12/2008;REP;14,04
08/12/2008;REP;14,86
09/12/2008;REP;15,1
10/12/2008;REP;15,15
11/12/2008;REP;15,32
12/12/2008;REP;14,69
15/12/2008;REP;14,91
16/12/2008;REP;15,05
17/12/2008;REP;15,08
18/12/2008;REP;15,09
19/12/2008;REP;14,99
22/12/2008;REP;14,89
23/12/2008;REP;14,6
29/12/2008;REP;14,71
30/12/2008;REP;15,1
02/01/2009;REP;15,86
05/01/2009;REP;16,03
06/01/2009;REP;16,22
07/01/2009;REP;15,83
08/01/2009;REP;16,1
09/01/2009;REP;16,15
12/01/2009;REP;15,63
13/01/2009;REP;15,6
14/01/2009;REP;15,4
15/01/2009;REP;14,32
16/01/2009;REP;14,26
19/01/2009;REP;14,19
20/01/2009;REP;13,83
21/01/2009;REP;13,76
22/01/2009;REP;13,82
23/01/2009;REP;13,77
26/01/2009;REP;14,22
27/01/2009;REP;14,25
28/01/2009;REP;14,52
29/01/2009;REP;14,36
30/01/2009;REP;14,04
02/02/2009;REP;13,84
03/02/2009;REP;14,01
04/02/2009;REP;14,35
05/02/2009;REP;14,36
06/02/2009;REP;14,68
09/02/2009;REP;14,89
10/02/2009;REP;14,55
11/02/2009;REP;14,39
12/02/2009;REP;13,84
13/02/2009;REP;13,93
16/02/2009;REP;13,69
17/02/2009;REP;13,25
18/02/2009;REP;13,35
19/02/2009;REP;13,46
20/02/2009;REP;12,53
23/02/2009;REP;12,35
24/02/2009;REP;12,14
25/02/2009;REP;12,18
26/02/2009;REP;12,73
27/02/2009;REP;12,22
02/03/2009;REP;11,74
03/03/2009;REP;11,64
04/03/2009;REP;12,16
05/03/2009;REP;11,78
06/03/2009;REP;11,69
09/03/2009;REP;11,67
10/03/2009;REP;12,28
11/03/2009;REP;12,41
12/03/2009;REP;12,35
13/03/2009;REP;12,17
16/03/2009;REP;12,4
17/03/2009;REP;12,48
18/03/2009;REP;12,34
19/03/2009;REP;12,45
20/03/2009;REP;12,46
23/03/2009;REP;13,03
24/03/2009;REP;13,01
25/03/2009;REP;13,26
26/03/2009;REP;13,2
27/03/2009;REP;13,05
30/03/2009;REP;12,51
31/03/2009;REP;13,03
01/04/2009;REP;13,22
02/04/2009;REP;13,88
03/04/2009;REP;13,87
06/04/2009;REP;13,88
07/04/2009;REP;14,03
08/04/2009;REP;14,05
09/04/2009;REP;14,47
14/04/2009;REP;14,59
15/04/2009;REP;14,06
16/04/2009;REP;14,35
17/04/2009;REP;14,49
20/04/2009;REP;13,87
21/04/2009;REP;13,71
22/04/2009;REP;14
23/04/2009;REP;13,93
24/04/2009;REP;14,39
27/04/2009;REP;14,2
28/04/2009;REP;14,02
29/04/2009;REP;14,29
30/04/2009;REP;14,47
04/05/2009;REP;14,71
05/05/2009;REP;14,85
06/05/2009;REP;14,93
07/05/2009;REP;15,02
08/05/2009;REP;15,43
11/05/2009;REP;15,11
12/05/2009;REP;15,24
13/05/2009;REP;14,89
14/05/2009;REP;14,76
15/05/2009;REP;14,9
18/05/2009;REP;15,21
19/05/2009;REP;15,49
20/05/2009;REP;15,69
21/05/2009;REP;15,36
22/05/2009;REP;15,43
25/05/2009;REP;15,56
26/05/2009;REP;15,65
27/05/2009;REP;15,68
28/05/2009;REP;15,53
29/05/2009;REP;15,83
01/06/2009;REP;16,41
02/06/2009;REP;16,78
03/06/2009;REP;16,22
04/06/2009;REP;16,18
05/06/2009;REP;16,38
08/06/2009;REP;16,06
09/06/2009;REP;16,19
10/06/2009;REP;16,58
11/06/2009;REP;16,74
12/06/2009;REP;16,59
15/06/2009;REP;16,16
16/06/2009;REP;16,19
17/06/2009;REP;15,68
18/06/2009;REP;15,66
19/06/2009;REP;15,92
22/06/2009;REP;15,41
23/06/2009;REP;15,35
24/06/2009;REP;15,84
25/06/2009;REP;15,86
26/06/2009;REP;15,8
29/06/2009;REP;16,17
30/06/2009;REP;15,94
01/07/2009;REP;16,2
02/07/2009;REP;16,22
03/07/2009;REP;16,6
06/07/2009;REP;16,295
07/07/2009;REP;16,04
08/07/2009;REP;15,77
09/07/2009;REP;15,155
10/07/2009;REP;15,17
13/07/2009;REP;15,44
14/07/2009;REP;15,6
15/07/2009;REP;16,13
16/07/2009;REP;16,195
17/07/2009;REP;16,33
20/07/2009;REP;16,405
21/07/2009;REP;16,4
22/07/2009;REP;16,22
23/07/2009;REP;16,595
24/07/2009;REP;16,63
27/07/2009;REP;16,71
28/07/2009;REP;16,55
29/07/2009;REP;16,555
30/07/2009;REP;16,615
31/07/2009;REP;16,29
03/08/2009;REP;16,41
04/08/2009;REP;16,335
05/08/2009;REP;15,98
06/08/2009;REP;16,01
07/08/2009;REP;16,205
10/08/2009;REP;16,2
11/08/2009;REP;15,985
12/08/2009;REP;16,455
13/08/2009;REP;16,62
14/08/2009;REP;16,505
17/08/2009;REP;16,085
18/08/2009;REP;16,22
19/08/2009;REP;16,26
20/08/2009;REP;16,565
21/08/2009;REP;17,1
24/08/2009;REP;17,465
25/08/2009;REP;17,72
26/08/2009;REP;17,35
27/08/2009;REP;17,355
28/08/2009;REP;17,49
31/08/2009;REP;17,3
01/09/2009;REP;17
02/09/2009;REP;16,72
03/09/2009;REP;16,745
04/09/2009;REP;16,86
07/09/2009;REP;17,055
08/09/2009;REP;17,075
09/09/2009;REP;17,555
10/09/2009;REP;17,47
11/09/2009;REP;17,73
14/09/2009;REP;17,98
15/09/2009;REP;17,47
16/09/2009;REP;18,57
17/09/2009;REP;18,82
18/09/2009;REP;18,77
21/09/2009;REP;18,715
22/09/2009;REP;19,095
23/09/2009;REP;19,05
24/09/2009;REP;18,61
25/09/2009;REP;18,6
28/09/2009;REP;18,97
29/09/2009;REP;18,88
30/09/2009;REP;18,59
01/10/2009;REP;18,21
02/10/2009;REP;17,995
05/10/2009;REP;18,185
06/10/2009;REP;18,5
07/10/2009;REP;18,42
08/10/2009;REP;18,51
09/10/2009;REP;18,39
12/10/2009;REP;18,565
13/10/2009;REP;18,35
14/10/2009;REP;18,88
15/10/2009;REP;18,74
16/10/2009;REP;18,645
19/10/2009;REP;18,985
20/10/2009;REP;18,815
21/10/2009;REP;18,99
22/10/2009;REP;18,885
23/10/2009;REP;18,64
26/10/2009;REP;18,44
27/10/2009;REP;18,585
28/10/2009;REP;18,28
29/10/2009;REP;18,605
30/10/2009;REP;18,165
02/11/2009;REP;18,44
03/11/2009;REP;18,045
04/11/2009;REP;18,24
05/11/2009;REP;18,5
06/11/2009;REP;18,5
09/11/2009;REP;18,74
10/11/2009;REP;18,815
11/11/2009;REP;18,82
12/11/2009;REP;18,85
13/11/2009;REP;18,7
16/11/2009;REP;18,795
17/11/2009;REP;18,75
18/11/2009;REP;18,81
19/11/2009;REP;18,5
20/11/2009;REP;18,345
23/11/2009;REP;18,7
24/11/2009;REP;18,65
25/11/2009;REP;18,74
26/11/2009;REP;18,27
27/11/2009;REP;18,505
30/11/2009;REP;18,3
01/12/2009;REP;18,745
02/12/2009;REP;18,715
03/12/2009;REP;18,765
04/12/2009;REP;18,845
07/12/2009;REP;18,755
08/12/2009;REP;18,48
09/12/2009;REP;18,34
10/12/2009;REP;18,375
11/12/2009;REP;18,42
14/12/2009;REP;18,68
15/12/2009;REP;18,695
16/12/2009;REP;18,94
17/12/2009;REP;18,73
18/12/2009;REP;18,495
21/12/2009;REP;18,86
22/12/2009;REP;18,53
23/12/2009;REP;18,6
28/12/2009;REP;18,78
29/12/2009;REP;18,74
30/12/2009;REP;18,725
04/01/2010;REP;18,83
05/01/2010;REP;18,885
06/01/2010;REP;18,8
07/01/2010;REP;18,81
08/01/2010;REP;18,79
11/01/2010;REP;18,85
12/01/2010;REP;18,67
13/01/2010;REP;18,6
14/01/2010;REP;18,7
15/01/2010;REP;18,38
18/01/2010;REP;18,45
19/01/2010;REP;18,67
20/01/2010;REP;18,095
21/01/2010;REP;17,77
22/01/2010;REP;17,4
25/01/2010;REP;17,25
26/01/2010;REP;17,34
27/01/2010;REP;17,135
28/01/2010;REP;16,87
29/01/2010;REP;17,145
01/02/2010;REP;17,07
02/02/2010;REP;17,4
03/02/2010;REP;17,05
04/02/2010;REP;16,445
05/02/2010;REP;15,82
08/02/2010;REP;16,235
09/02/2010;REP;16,29
10/02/2010;REP;16,32
11/02/2010;REP;16,26
12/02/2010;REP;16,23
15/02/2010;REP;16,33
16/02/2010;REP;16,55
17/02/2010;REP;16,74
18/02/2010;REP;16,96
19/02/2010;REP;17,09
22/02/2010;REP;16,995
23/02/2010;REP;16,775
24/02/2010;REP;16,6
25/02/2010;REP;16,36
26/02/2010;REP;16,635
01/03/2010;REP;16,84
02/03/2010;REP;17,04
03/03/2010;REP;17,15
04/03/2010;REP;17,16
05/03/2010;REP;17,675
08/03/2010;REP;17,89
09/03/2010;REP;17,74
10/03/2010;REP;17,9
11/03/2010;REP;17,8
12/03/2010;REP;17,76
15/03/2010;REP;17,56
16/03/2010;REP;17,745
17/03/2010;REP;17,915
18/03/2010;REP;17,805
19/03/2010;REP;17,86
22/03/2010;REP;17,6
23/03/2010;REP;17,88
24/03/2010;REP;17,615
25/03/2010;REP;17,9
26/03/2010;REP;17,88
29/03/2010;REP;17,83
30/03/2010;REP;17,66
31/03/2010;REP;17,53
01/04/2010;REP;17,99
06/04/2010;REP;18,2
07/04/2010;REP;18,185
08/04/2010;REP;18,025
09/04/2010;REP;18,65
12/04/2010;REP;18,69
13/04/2010;REP;18,58
14/04/2010;REP;18,44
15/04/2010;REP;18,645
16/04/2010;REP;18,12
19/04/2010;REP;18,17
20/04/2010;REP;18,41
21/04/2010;REP;18,07
22/04/2010;REP;17,75
23/04/2010;REP;18,075
26/04/2010;REP;18,07
27/04/2010;REP;17,355
28/04/2010;REP;16,85
29/04/2010;REP;17,545
30/04/2010;REP;17,725
03/05/2010;REP;17,71
04/05/2010;REP;16,93
05/05/2010;REP;16,53
06/05/2010;REP;16,125
07/05/2010;REP;15,54
10/05/2010;REP;17,395
11/05/2010;REP;17,155
12/05/2010;REP;17,43
13/05/2010;REP;17,34
14/05/2010;REP;16,28
17/05/2010;REP;16,36
18/05/2010;REP;16,835
19/05/2010;REP;16,4
20/05/2010;REP;16,63
21/05/2010;REP;16,73
24/05/2010;REP;16,415
25/05/2010;REP;15,835
26/05/2010;REP;16,095
27/05/2010;REP;16,785
28/05/2010;REP;16,8
31/05/2010;REP;16,575
01/06/2010;REP;16,49
02/06/2010;REP;16,55
03/06/2010;REP;16,735
04/06/2010;REP;16,215
07/06/2010;REP;15,985
08/06/2010;REP;15,9
09/06/2010;REP;16,185
10/06/2010;REP;16,61
11/06/2010;REP;17,095
14/06/2010;REP;17,195
15/06/2010;REP;17,525
16/06/2010;REP;17,49
17/06/2010;REP;17,655
18/06/2010;REP;17,825
21/06/2010;REP;18,065
22/06/2010;REP;17,905
23/06/2010;REP;17,695
24/06/2010;REP;17,19
25/06/2010;REP;16,895
28/06/2010;REP;17,34
29/06/2010;REP;16,64
30/06/2010;REP;16,665
01/07/2010;REP;16,535
02/07/2010;REP;16,58
05/07/2010;REP;16,58
06/07/2010;REP;17,055
07/07/2010;REP;17,56
08/07/2010;REP;17,25
09/07/2010;REP;17,59
12/07/2010;REP;17,61
13/07/2010;REP;17,88
14/07/2010;REP;17,915
15/07/2010;REP;17,83
16/07/2010;REP;17,49
19/07/2010;REP;17,45
20/07/2010;REP;17,62
21/07/2010;REP;17,64
22/07/2010;REP;17,945
23/07/2010;REP;18,15
26/07/2010;REP;18,36
27/07/2010;REP;18,46
28/07/2010;REP;18,255
29/07/2010;REP;18,295
30/07/2010;REP;18,105
02/08/2010;REP;18,82
03/08/2010;REP;18,815
04/08/2010;REP;18,98
05/08/2010;REP;18,925
06/08/2010;REP;18,6
09/08/2010;REP;18,96
10/08/2010;REP;18,78
11/08/2010;REP;18,2
12/08/2010;REP;18,11
13/08/2010;REP;18,07
16/08/2010;REP;17,975
17/08/2010;REP;18,125
18/08/2010;REP;18,055
19/08/2010;REP;17,95
20/08/2010;REP;17,84
23/08/2010;REP;18,095
24/08/2010;REP;17,87
25/08/2010;REP;17,55
26/08/2010;REP;17,77
27/08/2010;REP;18,09
30/08/2010;REP;18,005
31/08/2010;REP;18,015
01/09/2010;REP;18,85
02/09/2010;REP;18,895
03/09/2010;REP;18,81
06/09/2010;REP;18,85
07/09/2010;REP;18,55
08/09/2010;REP;18,69
09/09/2010;REP;18,86
10/09/2010;REP;18,895
13/09/2010;REP;18,985
14/09/2010;REP;19,03
15/09/2010;REP;18,915
16/09/2010;REP;18,86
17/09/2010;REP;18,585
20/09/2010;REP;19
21/09/2010;REP;19,295
22/09/2010;REP;18,96
23/09/2010;REP;18,855
24/09/2010;REP;19,26
27/09/2010;REP;19,24
28/09/2010;REP;19,135
29/09/2010;REP;18,92
30/09/2010;REP;18,895
01/10/2010;REP;19,83
04/10/2010;REP;19,64
05/10/2010;REP;19,91
06/10/2010;REP;20,23
07/10/2010;REP;20,22
08/10/2010;REP;20,16
11/10/2010;REP;20,09
12/10/2010;REP;19,865
13/10/2010;REP;19,985
14/10/2010;REP;19,85
15/10/2010;REP;19,775
18/10/2010;REP;19,865
19/10/2010;REP;19,53
20/10/2010;REP;19,61
21/10/2010;REP;19,64
22/10/2010;REP;19,615
25/10/2010;REP;19,61
26/10/2010;REP;19,49
27/10/2010;REP;19,435
28/10/2010;REP;19,78
29/10/2010;REP;19,925
01/11/2010;REP;19,74
02/11/2010;REP;20,185
03/11/2010;REP;19,865
04/11/2010;REP;20,1
05/11/2010;REP;19,96
08/11/2010;REP;19,85
09/11/2010;REP;20,11
10/11/2010;REP;19,75
11/11/2010;REP;19,8
12/11/2010;REP;19,6
15/11/2010;REP;19,95
16/11/2010;REP;19,375
17/11/2010;REP;19,495
18/11/2010;REP;19,83
19/11/2010;REP;19,83
22/11/2010;REP;19,37
23/11/2010;REP;18,625
24/11/2010;REP;18,74
25/11/2010;REP;18,925
26/11/2010;REP;18,83
29/11/2010;REP;18,29
30/11/2010;REP;18,58
01/12/2010;REP;19,26
02/12/2010;REP;19,67
03/12/2010;REP;19,82
06/12/2010;REP;19,71
07/12/2010;REP;20,355
08/12/2010;REP;20,83
09/12/2010;REP;21,02
10/12/2010;REP;21,03
13/12/2010;REP;21,22
14/12/2010;REP;21,205
15/12/2010;REP;21
16/12/2010;REP;20,83
17/12/2010;REP;20,8
20/12/2010;REP;21,14
21/12/2010;REP;21,575
22/12/2010;REP;21,55
23/12/2010;REP;21,175
27/12/2010;REP;20,74
28/12/2010;REP;20,79
29/12/2010;REP;21,07
30/12/2010;REP;20,85
03/01/2011;REP;21,19
04/01/2011;REP;21,295
05/01/2011;REP;20,95
06/01/2011;REP;20,78
07/01/2011;REP;20,58
10/01/2011;REP;20,42
11/01/2011;REP;20,76
12/01/2011;REP;21,8
13/01/2011;REP;22,59
14/01/2011;REP;22,505
17/01/2011;REP;22,285
18/01/2011;REP;23
19/01/2011;REP;22,285
20/01/2011;REP;22,46
21/01/2011;REP;22,625
24/01/2011;REP;22,445
25/01/2011;REP;22,11
26/01/2011;REP;22,58
27/01/2011;REP;22,92
28/01/2011;REP;23
31/01/2011;REP;22,975
01/02/2011;REP;23,49
02/02/2011;REP;23,72
03/02/2011;REP;23,54
04/02/2011;REP;23,555
07/02/2011;REP;23,63
08/02/2011;REP;23,545
09/02/2011;REP;23,395
10/02/2011;REP;23,45
11/02/2011;REP;23,48
14/02/2011;REP;23,6
15/02/2011;REP;23,84
16/02/2011;REP;24,225
17/02/2011;REP;24,48
18/02/2011;REP;24,575
21/02/2011;REP;23,94
22/02/2011;REP;23,645
23/02/2011;REP;23,5
24/02/2011;REP;23,88
25/02/2011;REP;24,155
28/02/2011;REP;24,33
01/03/2011;REP;24,03
02/03/2011;REP;24,235
03/03/2011;REP;24
04/03/2011;REP;24,025
07/03/2011;REP;24,1
08/03/2011;REP;24,565
09/03/2011;REP;24,22
10/03/2011;REP;23,75
11/03/2011;REP;23,46
14/03/2011;REP;22,98
15/03/2011;REP;22,49
16/03/2011;REP;22,1
17/03/2011;REP;23,085
18/03/2011;REP;23,2
21/03/2011;REP;23,82
22/03/2011;REP;23,985
23/03/2011;REP;23,565
24/03/2011;REP;24,035
25/03/2011;REP;24,3
28/03/2011;REP;24,25
29/03/2011;REP;24,365
30/03/2011;REP;24,195
31/03/2011;REP;24,175
01/04/2011;REP;24,54
04/04/2011;REP;24,745
05/04/2011;REP;24,655
06/04/2011;REP;24,79
07/04/2011;REP;24,39
08/04/2011;REP;24,65
11/04/2011;REP;24,58
12/04/2011;REP;23,835
13/04/2011;REP;23,92
14/04/2011;REP;23,395
15/04/2011;REP;23,2
18/04/2011;REP;22,635
19/04/2011;REP;22,565
20/04/2011;REP;23,33
21/04/2011;REP;23,47
26/04/2011;REP;23,465
27/04/2011;REP;23,855
28/04/2011;REP;24,11
29/04/2011;REP;24,11
02/05/2011;REP;24,395
03/05/2011;REP;23,925
04/05/2011;REP;23,12
05/05/2011;REP;22,905
06/05/2011;REP;23,225
09/05/2011;REP;22,845
10/05/2011;REP;23,12
11/05/2011;REP;23,085
12/05/2011;REP;22,905
13/05/2011;REP;22,62
16/05/2011;REP;22,495
17/05/2011;REP;22,34
18/05/2011;REP;22,55
19/05/2011;REP;22,81
20/05/2011;REP;22,365
23/05/2011;REP;22,04
24/05/2011;REP;22,325
25/05/2011;REP;22,395
26/05/2011;REP;22,555
27/05/2011;REP;22,945
30/05/2011;REP;22,83
31/05/2011;REP;23,68
01/06/2011;REP;23,16
02/06/2011;REP;22,7
03/06/2011;REP;22,72
06/06/2011;REP;22,57
07/06/2011;REP;22,28
08/06/2011;REP;22,25
09/06/2011;REP;22,44
10/06/2011;REP;22,04
13/06/2011;REP;21,915
14/06/2011;REP;22,48
15/06/2011;REP;22,04
16/06/2011;REP;22,075
17/06/2011;REP;22,43
20/06/2011;REP;22,27
21/06/2011;REP;22,855
22/06/2011;REP;22,76
23/06/2011;REP;22,305
24/06/2011;REP;22,035
27/06/2011;REP;22,105
28/06/2011;REP;22,305
29/06/2011;REP;23,195
30/06/2011;REP;23,94
01/07/2011;REP;24,15
04/07/2011;REP;24,09
05/07/2011;REP;23,825
06/07/2011;REP;23,94
07/07/2011;REP;23,1
08/07/2011;REP;22,42
11/07/2011;REP;22,13
12/07/2011;REP;22,04
13/07/2011;REP;22,245
14/07/2011;REP;21,735
15/07/2011;REP;21,325
18/07/2011;REP;21,125
19/07/2011;REP;21,295
20/07/2011;REP;21,73
21/07/2011;REP;22,14
22/07/2011;REP;22,575
25/07/2011;REP;22,29
26/07/2011;REP;22,075
27/07/2011;REP;21,67
28/07/2011;REP;22,085
29/07/2011;REP;22,025
01/08/2011;REP;21,35
02/08/2011;REP;20,86
03/08/2011;REP;20,56
04/08/2011;REP;19,385
05/08/2011;REP;19,035
08/08/2011;REP;18,635
09/08/2011;REP;18,8
10/08/2011;REP;17,725
11/08/2011;REP;18,29
12/08/2011;REP;19,385
15/08/2011;REP;19,195
16/08/2011;REP;19,18
17/08/2011;REP;19,19
18/08/2011;REP;18,185
19/08/2011;REP;17,83
22/08/2011;REP;18,325
23/08/2011;REP;18,22
24/08/2011;REP;18,655
25/08/2011;REP;18,355
26/08/2011;REP;18,215
29/08/2011;REP;18,895
30/08/2011;REP;19,68
31/08/2011;REP;20,07
01/09/2011;REP;20,56
02/09/2011;REP;19,795
05/09/2011;REP;18,59
06/09/2011;REP;18,46
07/09/2011;REP;19,15
08/09/2011;REP;19,695
09/09/2011;REP;19,2
12/09/2011;REP;18,745
13/09/2011;REP;19,1
14/09/2011;REP;19,33
15/09/2011;REP;19,815
16/09/2011;REP;19,78
19/09/2011;REP;19,34
20/09/2011;REP;19,95
21/09/2011;REP;19,525
22/09/2011;REP;18,645
23/09/2011;REP;18,675
26/09/2011;REP;18,925
27/09/2011;REP;20,115
28/09/2011;REP;19,94
29/09/2011;REP;19,92
30/09/2011;REP;19,98
03/10/2011;REP;19,305
04/10/2011;REP;19,175
05/10/2011;REP;20,06
06/10/2011;REP;21,045
07/10/2011;REP;21,74
10/10/2011;REP;21,79
11/10/2011;REP;21,39
12/10/2011;REP;21,95
13/10/2011;REP;21,675
14/10/2011;REP;22,095
17/10/2011;REP;21,78
18/10/2011;REP;21,62
19/10/2011;REP;21,62
20/10/2011;REP;21,4
21/10/2011;REP;21,675
24/10/2011;REP;21,95
25/10/2011;REP;21,89
26/10/2011;REP;21,76
27/10/2011;REP;22,395
28/10/2011;REP;22,25
31/10/2011;REP;21,9
01/11/2011;REP;20,72
02/11/2011;REP;21,145
03/11/2011;REP;21
04/11/2011;REP;20,665
07/11/2011;REP;20,905
08/11/2011;REP;22,23
09/11/2011;REP;22,195
10/11/2011;REP;21,785
11/11/2011;REP;22,345
14/11/2011;REP;21,89
15/11/2011;REP;21,71
16/11/2011;REP;21,865
17/11/2011;REP;21,655
18/11/2011;REP;21,34
21/11/2011;REP;20,6
22/11/2011;REP;20,36
23/11/2011;REP;19,75
24/11/2011;REP;19,74
25/11/2011;REP;20,06
28/11/2011;REP;21,11
29/11/2011;REP;21,205
30/11/2011;REP;22,395
01/12/2011;REP;22,305
02/12/2011;REP;22,565
05/12/2011;REP;22,89
06/12/2011;REP;22,955
07/12/2011;REP;22,725
08/12/2011;REP;22,37
09/12/2011;REP;23,12
12/12/2011;REP;22,385
13/12/2011;REP;22,83
14/12/2011;REP;22,28
15/12/2011;REP;22,24
16/12/2011;REP;22,065
19/12/2011;REP;22,175
20/12/2011;REP;22,725
21/12/2011;REP;22,84
22/12/2011;REP;23,155
23/12/2011;REP;23,44
27/12/2011;REP;23,53
28/12/2011;REP;22,85
29/12/2011;REP;23,5
30/12/2011;REP;23,735
02/01/2012;REP;24,07
03/01/2012;REP;23,965
04/01/2012;REP;24,1
05/01/2012;REP;23,4
06/01/2012;REP;23,325
09/01/2012;REP;23,715
10/01/2012;REP;23,54
11/01/2012;REP;22,195
12/01/2012;REP;22,03
13/01/2012;REP;21,89
16/01/2012;REP;22,095
17/01/2012;REP;22,33
18/01/2012;REP;22,3
19/01/2012;REP;22,14
20/01/2012;REP;21,65
23/01/2012;REP;22,04
24/01/2012;REP;21,895
25/01/2012;REP;21,56
26/01/2012;REP;21,9
27/01/2012;REP;21,85
30/01/2012;REP;21,51
31/01/2012;REP;21
01/02/2012;REP;20,89
02/02/2012;REP;21,095
03/02/2012;REP;21,145
06/02/2012;REP;20,28
07/02/2012;REP;20,58
08/02/2012;REP;20,685
09/02/2012;REP;21,125
10/02/2012;REP;20,9
13/02/2012;REP;21,01
14/02/2012;REP;20,94
15/02/2012;REP;20,67
16/02/2012;REP;20,465
17/02/2012;REP;20,695
20/02/2012;REP;20,98
21/02/2012;REP;20,875
22/02/2012;REP;20,875
23/02/2012;REP;20,455
24/02/2012;REP;20,63
27/02/2012;REP;20,73
28/02/2012;REP;20,56
29/02/2012;REP;19,57
01/03/2012;REP;20,115
02/03/2012;REP;20,41
05/03/2012;REP;19,94
06/03/2012;REP;19,385
07/03/2012;REP;19,345
08/03/2012;REP;19,665
09/03/2012;REP;19,545
12/03/2012;REP;19,185
13/03/2012;REP;19,5
14/03/2012;REP;18,975
15/03/2012;REP;19,18
16/03/2012;REP;18,845
19/03/2012;REP;19,02
20/03/2012;REP;19,275
21/03/2012;REP;20,1
22/03/2012;REP;19,62
23/03/2012;REP;19,24
26/03/2012;REP;19,03
27/03/2012;REP;18,965
28/03/2012;REP;18,31
29/03/2012;REP;18,78
30/03/2012;REP;18,81
02/04/2012;REP;18,795
03/04/2012;REP;18,26
04/04/2012;REP;18
05/04/2012;REP;18,085
10/04/2012;REP;17,92
11/04/2012;REP;18,12
12/04/2012;REP;17,96
13/04/2012;REP;17,47
16/04/2012;REP;17,48
17/04/2012;REP;16,42
18/04/2012;REP;15,4
19/04/2012;REP;14,665
20/04/2012;REP;14,92
23/04/2012;REP;14,03
24/04/2012;REP;14,15
25/04/2012;REP;14,265
26/04/2012;REP;14,455
27/04/2012;REP;14,7
30/04/2012;REP;14,45
02/05/2012;REP;13,75
03/05/2012;REP;13,885
04/05/2012;REP;13,645
07/05/2012;REP;13,98
08/05/2012;REP;13,71
09/05/2012;REP;13,13
10/05/2012;REP;14,21
11/05/2012;REP;14,04
14/05/2012;REP;13,8
15/05/2012;REP;13,615
16/05/2012;REP;13,44
17/05/2012;REP;13,33
18/05/2012;REP;13,68
21/05/2012;REP;13,49
22/05/2012;REP;13,77
23/05/2012;REP;13,345
24/05/2012;REP;13,795
25/05/2012;REP;13,865
28/05/2012;REP;13,815
29/05/2012;REP;12,825
30/05/2012;REP;12,195
31/05/2012;REP;12,08
01/06/2012;REP;11,79
04/06/2012;REP;12,23
05/06/2012;REP;12,465
06/06/2012;REP;12,65
07/06/2012;REP;12,49
08/06/2012;REP;12,765
11/06/2012;REP;12,535
12/06/2012;REP;12,59
13/06/2012;REP;12,495
14/06/2012;REP;12,435
15/06/2012;REP;12,62
18/06/2012;REP;12,21
19/06/2012;REP;12,58
20/06/2012;REP;12,745
21/06/2012;REP;12,08
22/06/2012;REP;12,25
25/06/2012;REP;11,5
26/06/2012;REP;11,15
27/06/2012;REP;11,4
28/06/2012;REP;11,75
29/06/2012;REP;12,64
02/07/2012;REP;12,775
03/07/2012;REP;13,19
04/07/2012;REP;13,33
05/07/2012;REP;12,91
06/07/2012;REP;12,27
09/07/2012;REP;12,45
10/07/2012;REP;12,7
11/07/2012;REP;12,88
12/07/2012;REP;12,435
13/07/2012;REP;12,635
16/07/2012;REP;12,21
17/07/2012;REP;12,375
18/07/2012;REP;12,55
19/07/2012;REP;12,63
20/07/2012;REP;12,25
23/07/2012;REP;11,805
24/07/2012;REP;10,96
25/07/2012;REP;10,955
26/07/2012;REP;11,82
27/07/2012;REP;13,17
30/07/2012;REP;13,505
31/07/2012;REP;13,005
01/08/2012;REP;13,06
02/08/2012;REP;12,19
03/08/2012;REP;13,325
06/08/2012;REP;14,56
07/08/2012;REP;14,98
08/08/2012;REP;14,56
09/08/2012;REP;14,415
10/08/2012;REP;14,38
13/08/2012;REP;14,7
14/08/2012;REP;15,24
15/08/2012;REP;15,32
16/08/2012;REP;15,93
17/08/2012;REP;16,06
20/08/2012;REP;15,355
21/08/2012;REP;15,25
22/08/2012;REP;14,45
23/08/2012;REP;14,215
24/08/2012;REP;14,26
27/08/2012;REP;14,6
28/08/2012;REP;14,52
29/08/2012;REP;14,4
30/08/2012;REP;14,32
31/08/2012;REP;14,635
03/09/2012;REP;14,7
04/09/2012;REP;14,71
05/09/2012;REP;14,74
06/09/2012;REP;15,815
07/09/2012;REP;15,695
10/09/2012;REP;15,58
11/09/2012;REP;15,5
12/09/2012;REP;15,76
13/09/2012;REP;15,7
14/09/2012;REP;16,32
17/09/2012;REP;16,56
18/09/2012;REP;16,36
19/09/2012;REP;16,415
20/09/2012;REP;15,825
21/09/2012;REP;16,3
24/09/2012;REP;16,15
25/09/2012;REP;16,21
26/09/2012;REP;15,485
27/09/2012;REP;15,625
28/09/2012;REP;15,09
01/10/2012;REP;14,965
02/10/2012;REP;15,055
03/10/2012;REP;14,92
04/10/2012;REP;14,8
05/10/2012;REP;15,15
08/10/2012;REP;14,925
09/10/2012;REP;14,6
10/10/2012;REP;14,61
11/10/2012;REP;14,81
12/10/2012;REP;14,725
15/10/2012;REP;14,82
16/10/2012;REP;15,475
17/10/2012;REP;15,96
18/10/2012;REP;15,995
19/10/2012;REP;15,59
22/10/2012;REP;15,585
23/10/2012;REP;15,245
24/10/2012;REP;15,185
25/10/2012;REP;15,01
26/10/2012;REP;15,055
29/10/2012;REP;15,11
30/10/2012;REP;15,56
31/10/2012;REP;15,42
01/11/2012;REP;15,53
02/11/2012;REP;15,705
05/11/2012;REP;15,425
06/11/2012;REP;15,475
07/11/2012;REP;15,015
08/11/2012;REP;15,115
09/11/2012;REP;15,2
12/11/2012;REP;15,07
13/11/2012;REP;15,26
14/11/2012;REP;15,23
15/11/2012;REP;15,76
16/11/2012;REP;15,65
19/11/2012;REP;16,075
20/11/2012;REP;16,16
21/11/2012;REP;16,33
22/11/2012;REP;16,56
23/11/2012;REP;16,73
26/11/2012;REP;16,605
27/11/2012;REP;16,4
28/11/2012;REP;16,38
29/11/2012;REP;16,58
30/11/2012;REP;16,31
03/12/2012;REP;16,29
04/12/2012;REP;16,33
05/12/2012;REP;16,285
06/12/2012;REP;16,18
07/12/2012;REP;15,855
10/12/2012;REP;15,72
11/12/2012;REP;15,975
12/12/2012;REP;15,99
13/12/2012;REP;16,055
14/12/2012;REP;16,005
17/12/2012;REP;16,085
18/12/2012;REP;16,2
19/12/2012;REP;16,5
20/12/2012;REP;16,4
21/12/2012;REP;16,475
24/12/2012;REP;16,45
27/12/2012;REP;16
28/12/2012;REP;15,475
31/12/2012;REP;15,335
02/01/2013;REP;15,98
03/01/2013;REP;15,92
04/01/2013;REP;16
07/01/2013;REP;16
08/01/2013;REP;16
09/01/2013;REP;16,215
10/01/2013;REP;16,425
11/01/2013;REP;16,53
14/01/2013;REP;16,42
15/01/2013;REP;16,685
16/01/2013;REP;16,68
17/01/2013;REP;16,895
18/01/2013;REP;16,82
21/01/2013;REP;17,13
22/01/2013;REP;17,045
23/01/2013;REP;17,075
24/01/2013;REP;17,13
25/01/2013;REP;17,45
28/01/2013;REP;17,28
29/01/2013;REP;17,14
30/01/2013;REP;17
31/01/2013;REP;16,445
01/02/2013;REP;16,38
04/02/2013;REP;15,625
05/02/2013;REP;15,935
06/02/2013;REP;15,76
07/02/2013;REP;15,735
08/02/2013;REP;15,99
11/02/2013;REP;15,725
12/02/2013;REP;15,955
13/02/2013;REP;16
14/02/2013;REP;15,8
15/02/2013;REP;15,38
18/02/2013;REP;15,45
19/02/2013;REP;15,745
20/02/2013;REP;15,57
21/02/2013;REP;15,145
22/02/2013;REP;15,535
25/02/2013;REP;15,84
26/02/2013;REP;15,46
27/02/2013;REP;16,095
28/02/2013;REP;16,31
01/03/2013;REP;16,29
04/03/2013;REP;16,695
05/03/2013;REP;17,01
06/03/2013;REP;16,9
07/03/2013;REP;16,9
08/03/2013;REP;17,455
11/03/2013;REP;17,135
12/03/2013;REP;17,005
13/03/2013;REP;16,97
14/03/2013;REP;17,36
15/03/2013;REP;17,16
18/03/2013;REP;16,925
19/03/2013;REP;16,615
20/03/2013;REP;16,72
21/03/2013;REP;16,75
22/03/2013;REP;16,735
25/03/2013;REP;16,115
26/03/2013;REP;16,11
27/03/2013;REP;15,855
28/03/2013;REP;15,85
02/04/2013;REP;16,25
03/04/2013;REP;15,86
04/04/2013;REP;15,85
05/04/2013;REP;15,96
08/04/2013;REP;16,045
09/04/2013;REP;16,53
10/04/2013;REP;16,93
11/04/2013;REP;16,97
12/04/2013;REP;16,87
15/04/2013;REP;16,63
16/04/2013;REP;16,485
17/04/2013;REP;16,08
18/04/2013;REP;16,205
19/04/2013;REP;16,31
22/04/2013;REP;16,73
23/04/2013;REP;17,01
24/04/2013;REP;17,46
25/04/2013;REP;17,45
26/04/2013;REP;17,315
29/04/2013;REP;17,755
30/04/2013;REP;17,8
02/05/2013;REP;17,705
03/05/2013;REP;18,05
06/05/2013;REP;17,995
07/05/2013;REP;18,11
08/05/2013;REP;18,2
09/05/2013;REP;18,3
10/05/2013;REP;18,075
13/05/2013;REP;18,065
14/05/2013;REP;18,23
15/05/2013;REP;18,415
16/05/2013;REP;18,43
17/05/2013;REP;18,495
20/05/2013;REP;18,33
21/05/2013;REP;18,3
22/05/2013;REP;18,21
23/05/2013;REP;18,04
24/05/2013;REP;17,725
27/05/2013;REP;17,94
28/05/2013;REP;18,305
29/05/2013;REP;18,135
30/05/2013;REP;18,075
31/05/2013;REP;17,63
03/06/2013;REP;17,66
04/06/2013;REP;17,675
05/06/2013;REP;17,34
06/06/2013;REP;17,175
07/06/2013;REP;17,375
10/06/2013;REP;17,425
11/06/2013;REP;17,315
12/06/2013;REP;17,36
13/06/2013;REP;17,255
14/06/2013;REP;17,385
17/06/2013;REP;17,48
18/06/2013;REP;17,58
19/06/2013;REP;17,46
20/06/2013;REP;16,36
21/06/2013;REP;16,14
24/06/2013;REP;15,755
25/06/2013;REP;15,825
26/06/2013;REP;16,12
27/06/2013;REP;16,4
28/06/2013;REP;16,21
01/07/2013;REP;16,54
02/07/2013;REP;16,435
03/07/2013;REP;16,24
04/07/2013;REP;16,855
05/07/2013;REP;16,62
08/07/2013;REP;16,99
09/07/2013;REP;16,595
10/07/2013;REP;16,81
11/07/2013;REP;16,88
12/07/2013;REP;16,52
15/07/2013;REP;16,65
16/07/2013;REP;16,415
17/07/2013;REP;16,44
18/07/2013;REP;16,81
19/07/2013;REP;16,69
22/07/2013;REP;16,87
23/07/2013;REP;17,075
24/07/2013;REP;17,345
25/07/2013;REP;17,485
26/07/2013;REP;17,65
29/07/2013;REP;17,71
30/07/2013;REP;17,905
31/07/2013;REP;17,99
01/08/2013;REP;18,225
02/08/2013;REP;18,26
05/08/2013;REP;18,33
06/08/2013;REP;18,08
07/08/2013;REP;18,125
08/08/2013;REP;18,06
09/08/2013;REP;18,17
12/08/2013;REP;18,125
13/08/2013;REP;18,22
14/08/2013;REP;18,05
15/08/2013;REP;18,015
16/08/2013;REP;18,095
19/08/2013;REP;17,64
20/08/2013;REP;17,43
21/08/2013;REP;17,315
22/08/2013;REP;17,61
23/08/2013;REP;17,87
26/08/2013;REP;17,825
27/08/2013;REP;17,55
28/08/2013;REP;18,11
29/08/2013;REP;17,99
30/08/2013;REP;17,555
02/09/2013;REP;17,86
03/09/2013;REP;17,9
04/09/2013;REP;18,14
05/09/2013;REP;18,23
06/09/2013;REP;18,365
09/09/2013;REP;18,195
10/09/2013;REP;18,445
11/09/2013;REP;18,51
12/09/2013;REP;18,53
13/09/2013;REP;18,515
16/09/2013;REP;18,375
17/09/2013;REP;18,22
18/09/2013;REP;18,065
19/09/2013;REP;18,355
20/09/2013;REP;18,505
23/09/2013;REP;18,18
24/09/2013;REP;18,405
25/09/2013;REP;18,56
26/09/2013;REP;18,63
27/09/2013;REP;18,515
30/09/2013;REP;18,325
01/10/2013;REP;18,6
02/10/2013;REP;18,44
03/10/2013;REP;18,195
04/10/2013;REP;18,365
07/10/2013;REP;18,225
08/10/2013;REP;18,245
09/10/2013;REP;18,34
10/10/2013;REP;18,59
11/10/2013;REP;18,585
14/10/2013;REP;18,64
15/10/2013;REP;18,78
16/10/2013;REP;19,06
17/10/2013;REP;19,285
18/10/2013;REP;19,37
21/10/2013;REP;19,535
22/10/2013;REP;19,49
23/10/2013;REP;19,2
24/10/2013;REP;19,21
25/10/2013;REP;19,155
28/10/2013;REP;19,17
29/10/2013;REP;19,51
30/10/2013;REP;19,53
31/10/2013;REP;19,78
01/11/2013;REP;19,665
04/11/2013;REP;19,77
05/11/2013;REP;19,595
06/11/2013;REP;19,77
07/11/2013;REP;19,17
08/11/2013;REP;18,88
11/11/2013;REP;18,93
12/11/2013;REP;18,31
13/11/2013;REP;18,41
14/11/2013;REP;18,55
15/11/2013;REP;18,505
18/11/2013;REP;18,665
19/11/2013;REP;18,505
20/11/2013;REP;18,385
21/11/2013;REP;18,52
22/11/2013;REP;18,65
25/11/2013;REP;18,45
26/11/2013;REP;19,24
27/11/2013;REP;19,29
28/11/2013;REP;19,28
29/11/2013;REP;19,33
02/12/2013;REP;19,145
03/12/2013;REP;18,68
04/12/2013;REP;18,325
05/12/2013;REP;18,005
06/12/2013;REP;18,18
09/12/2013;REP;18,27
10/12/2013;REP;18,15
11/12/2013;REP;18,13
12/12/2013;REP;18,115
13/12/2013;REP;18,005
16/12/2013;REP;18,255
17/12/2013;REP;18,085
18/12/2013;REP;18,19
19/12/2013;REP;18,49
20/12/2013;REP;18,535
23/12/2013;REP;18,155
24/12/2013;REP;18,285
27/12/2013;REP;18,405
30/12/2013;REP;18,305
31/12/2013;REP;18,32
02/01/2014;REP;18,06
03/01/2014;REP;18,095
06/01/2014;REP;18,115
07/01/2014;REP;18,61
08/01/2014;REP;18,67
09/01/2014;REP;18,735
10/01/2014;REP;18,93
13/01/2014;REP;18,91
14/01/2014;REP;18,9
15/01/2014;REP;19,005
16/01/2014;REP;19,035
17/01/2014;REP;19,005
20/01/2014;REP;19
21/01/2014;REP;18,71
22/01/2014;REP;18,56
23/01/2014;REP;18,35
24/01/2014;REP;17,68
27/01/2014;REP;17,525
28/01/2014;REP;17,65
29/01/2014;REP;17,625
30/01/2014;REP;17,615
31/01/2014;REP;17,38
03/02/2014;REP;17,13
04/02/2014;REP;17,105
05/02/2014;REP;17,145
06/02/2014;REP;17,425
07/02/2014;REP;17,665
10/02/2014;REP;17,57
11/02/2014;REP;17,615
12/02/2014;REP;17,53
13/02/2014;REP;17,57
14/02/2014;REP;17,61
17/02/2014;REP;17,625
18/02/2014;REP;17,575
19/02/2014;REP;17,625
20/02/2014;REP;17,985
21/02/2014;REP;18,075
24/02/2014;REP;18,21
25/02/2014;REP;18,37
26/02/2014;REP;18,555
27/02/2014;REP;18,39
28/02/2014;REP;18,205
03/03/2014;REP;17,925
04/03/2014;REP;18,26
05/03/2014;REP;18,34
06/03/2014;REP;18,395
07/03/2014;REP;18,125
10/03/2014;REP;18,1
11/03/2014;REP;17,925
12/03/2014;REP;17,81
13/03/2014;REP;17,6
14/03/2014;REP;17,385
17/03/2014;REP;17,615
18/03/2014;REP;17,79
19/03/2014;REP;17,86
20/03/2014;REP;17,88
21/03/2014;REP;18,005
24/03/2014;REP;17,715
25/03/2014;REP;17,87
26/03/2014;REP;18,175
27/03/2014;REP;18,405
28/03/2014;REP;18,605
31/03/2014;REP;18,525
01/04/2014;REP;18,73
02/04/2014;REP;18,7
03/04/2014;REP;18,795
04/04/2014;REP;18,925
07/04/2014;REP;18,84
08/04/2014;REP;18,695
09/04/2014;REP;18,895
10/04/2014;REP;18,69
11/04/2014;REP;18,53
14/04/2014;REP;18,76
15/04/2014;REP;18,63
16/04/2014;REP;18,79
17/04/2014;REP;18,79
22/04/2014;REP;18,96
23/04/2014;REP;18,96
24/04/2014;REP;19
25/04/2014;REP;18,91
28/04/2014;REP;18,96
29/04/2014;REP;19,225
30/04/2014;REP;19,4
02/05/2014;REP;19,385
05/05/2014;REP;19,36
06/05/2014;REP;19,31
07/05/2014;REP;19,38
08/05/2014;REP;19,8
09/05/2014;REP;19,885
12/05/2014;REP;19,82
13/05/2014;REP;19,815
14/05/2014;REP;20,145
15/05/2014;REP;20,07
16/05/2014;REP;20,21
19/05/2014;REP;20,24
20/05/2014;REP;20
21/05/2014;REP;20,36
22/05/2014;REP;20,31
23/05/2014;REP;20,25
26/05/2014;REP;20,64
27/05/2014;REP;20,6
28/05/2014;REP;20,47
29/05/2014;REP;20,58
30/05/2014;REP;20,665
02/06/2014;REP;20,905
03/06/2014;REP;20,865
04/06/2014;REP;20,11
05/06/2014;REP;20,14
06/06/2014;REP;19,34
09/06/2014;REP;19,4
10/06/2014;REP;19,395
11/06/2014;REP;19,295
12/06/2014;REP;19,4
13/06/2014;REP;19,6
16/06/2014;REP;19,535
17/06/2014;REP;19,61
18/06/2014;REP;19,81
19/06/2014;REP;19,465
20/06/2014;REP;19,625
23/06/2014;REP;19,545
24/06/2014;REP;19,535
25/06/2014;REP;19,33
26/06/2014;REP;19,28
27/06/2014;REP;19,265
30/06/2014;REP;19,26
01/07/2014;REP;19,33
02/07/2014;REP;19,39
03/07/2014;REP;19,565
04/07/2014;REP;19,405
07/07/2014;REP;19,2
08/07/2014;REP;19,03
09/07/2014;REP;19,145
10/07/2014;REP;18,505
11/07/2014;REP;18,575
14/07/2014;REP;18,64
15/07/2014;REP;18,455
16/07/2014;REP;18,72
17/07/2014;REP;18,57
18/07/2014;REP;18,485
21/07/2014;REP;18,34
22/07/2014;REP;18,64
23/07/2014;REP;18,415
24/07/2014;REP;18,81
25/07/2014;REP;18,96
28/07/2014;REP;18,91
29/07/2014;REP;18,91
30/07/2014;REP;18,895
31/07/2014;REP;18,62
01/08/2014;REP;18,37
04/08/2014;REP;18,415
05/08/2014;REP;18,305
06/08/2014;REP;18,225
07/08/2014;REP;17,935
08/08/2014;REP;17,97
11/08/2014;REP;18,14
12/08/2014;REP;18,045
13/08/2014;REP;18,145
14/08/2014;REP;18,155
15/08/2014;REP;18,03
18/08/2014;REP;18,285
19/08/2014;REP;18,37
20/08/2014;REP;18,375
21/08/2014;REP;18,585
22/08/2014;REP;18,525
25/08/2014;REP;18,82
26/08/2014;REP;18,955
27/08/2014;REP;18,99
28/08/2014;REP;18,875
29/08/2014;REP;18,89
01/09/2014;REP;19,02
02/09/2014;REP;18,95
03/09/2014;REP;19,12
04/09/2014;REP;19,365
05/09/2014;REP;19,365
08/09/2014;REP;19,23
09/09/2014;REP;18,94
10/09/2014;REP;18,915
11/09/2014;REP;18,78
12/09/2014;REP;18,74
15/09/2014;REP;18,725
16/09/2014;REP;18,76
17/09/2014;REP;18,915
18/09/2014;REP;19,02
19/09/2014;REP;19,165
22/09/2014;REP;19,08
23/09/2014;REP;18,74
24/09/2014;REP;18,845
25/09/2014;REP;18,65
26/09/2014;REP;18,815
29/09/2014;REP;18,59
30/09/2014;REP;18,8
01/10/2014;REP;18,7
02/10/2014;REP;18,19
03/10/2014;REP;18,28
06/10/2014;REP;18,325
07/10/2014;REP;18,115
08/10/2014;REP;17,98
09/10/2014;REP;17,895
10/10/2014;REP;17,42
13/10/2014;REP;17,515
14/10/2014;REP;17,31
15/10/2014;REP;16,61
16/10/2014;REP;16,33
17/10/2014;REP;16,9
20/10/2014;REP;16,81
21/10/2014;REP;17,3
22/10/2014;REP;17,415
23/10/2014;REP;17,54
24/10/2014;REP;17,43
27/10/2014;REP;17,26
28/10/2014;REP;17,56
29/10/2014;REP;17,475
30/10/2014;REP;17,47
31/10/2014;REP;17,815
03/11/2014;REP;17,68
04/11/2014;REP;17,19
05/11/2014;REP;17,38
06/11/2014;REP;17,51
07/11/2014;REP;17,355
10/11/2014;REP;17,65
11/11/2014;REP;17,68
12/11/2014;REP;17,41
13/11/2014;REP;17,235
14/11/2014;REP;17,3
17/11/2014;REP;17,5
18/11/2014;REP;17,865
19/11/2014;REP;17,88
20/11/2014;REP;17,775
21/11/2014;REP;18,44
24/11/2014;REP;18,58
25/11/2014;REP;18,5
26/11/2014;REP;18,42
27/11/2014;REP;18,17
28/11/2014;REP;18,05
01/12/2014;REP;17,73
02/12/2014;REP;18,05
03/12/2014;REP;18,255
04/12/2014;REP;17,945
05/12/2014;REP;18,305
08/12/2014;REP;18,035
09/12/2014;REP;17,61
10/12/2014;REP;17,405
11/12/2014;REP;17,205
12/12/2014;REP;16,175
15/12/2014;REP;15,695
16/12/2014;REP;15,64
17/12/2014;REP;15,68
18/12/2014;REP;16,065
19/12/2014;REP;16,075
22/12/2014;REP;15,615
23/12/2014;REP;15,835
24/12/2014;REP;15,885
29/12/2014;REP;15,745
30/12/2014;REP;15,565
31/12/2014;REP;15,545
02/01/2015;REP;15,57
05/01/2015;REP;14,66
06/01/2015;REP;14,615
07/01/2015;REP;14,69
08/01/2015;REP;15,06
09/01/2015;REP;14,5
12/01/2015;REP;14,41
13/01/2015;REP;14,625
14/01/2015;REP;14,37
15/01/2015;REP;14,865
16/01/2015;REP;15,205
19/01/2015;REP;15,265
20/01/2015;REP;15,47
21/01/2015;REP;15,685
22/01/2015;REP;16,005
23/01/2015;REP;16,155
26/01/2015;REP;16,235
27/01/2015;REP;16,275
28/01/2015;REP;15,895
29/01/2015;REP;15,905
30/01/2015;REP;15,685
02/02/2015;REP;15,965
03/02/2015;REP;16,74
04/02/2015;REP;16,51
05/02/2015;REP;16,56
06/02/2015;REP;16,57
09/02/2015;REP;16,465
10/02/2015;REP;16,345
11/02/2015;REP;16,07
12/02/2015;REP;16,445
13/02/2015;REP;16,93
16/02/2015;REP;16,87
17/02/2015;REP;16,86
18/02/2015;REP;17,04
19/02/2015;REP;16,95
20/02/2015;REP;16,87
23/02/2015;REP;16,925
24/02/2015;REP;17,08
25/02/2015;REP;17,1
26/02/2015;REP;17,165
27/02/2015;REP;17,275
02/03/2015;REP;17,24
03/03/2015;REP;17,08
04/03/2015;REP;17,07
05/03/2015;REP;17,15
06/03/2015;REP;17,04
09/03/2015;REP;17,08
10/03/2015;REP;16,7
11/03/2015;REP;16,64
12/03/2015;REP;16,605
13/03/2015;REP;16,27
16/03/2015;REP;16,25
17/03/2015;REP;16,375
18/03/2015;REP;16,415
19/03/2015;REP;16,595
20/03/2015;REP;17,37
23/03/2015;REP;17,35
24/03/2015;REP;17,52
25/03/2015;REP;17,4
26/03/2015;REP;17,455
27/03/2015;REP;17,24
30/03/2015;REP;17,445
31/03/2015;REP;17,335
01/04/2015;REP;17,53
02/04/2015;REP;17,54
07/04/2015;REP;18,06
08/04/2015;REP;17,93
09/04/2015;REP;18,23
10/04/2015;REP;18,15
13/04/2015;REP;18,41
14/04/2015;REP;18,29
15/04/2015;REP;18,465
16/04/2015;REP;18,315
17/04/2015;REP;18,105
20/04/2015;REP;18,235
21/04/2015;REP;18,185
22/04/2015;REP;18,06
23/04/2015;REP;18,215
24/04/2015;REP;18,255
27/04/2015;REP;18,505
28/04/2015;REP;18,54
29/04/2015;REP;18,39
30/04/2015;REP;18,415
04/05/2015;REP;18,485
05/05/2015;REP;18,275
06/05/2015;REP;18,43
07/05/2015;REP;17,825
08/05/2015;REP;18,185
11/05/2015;REP;18,19
12/05/2015;REP;18,115
13/05/2015;REP;18,07
14/05/2015;REP;18,155
15/05/2015;REP;17,9
18/05/2015;REP;17,845
19/05/2015;REP;17,98
20/05/2015;REP;18,115
21/05/2015;REP;18,18
22/05/2015;REP;18,195
25/05/2015;REP;17,85
26/05/2015;REP;17,665
27/05/2015;REP;17,785
28/05/2015;REP;17,54
29/05/2015;REP;17,34
01/06/2015;REP;17,325
02/06/2015;REP;17,435
03/06/2015;REP;17,44
04/06/2015;REP;17,135
05/06/2015;REP;17,05
08/06/2015;REP;16,88
09/06/2015;REP;16,85
10/06/2015;REP;17,035
11/06/2015;REP;17,1
12/06/2015;REP;16,89
15/06/2015;REP;16,62
16/06/2015;REP;16,68
17/06/2015;REP;16,67
18/06/2015;REP;16,245
19/06/2015;REP;16,135
22/06/2015;REP;16,59
23/06/2015;REP;16,56
24/06/2015;REP;16,52
25/06/2015;REP;16,51
26/06/2015;REP;16,56
29/06/2015;REP;15,86
30/06/2015;REP;15,75
01/07/2015;REP;16,065
02/07/2015;REP;16,095
03/07/2015;REP;15,995
06/07/2015;REP;15,55
07/07/2015;REP;15,235
08/07/2015;REP;15,39
09/07/2015;REP;15,855
10/07/2015;REP;16,27
13/07/2015;REP;16,51
14/07/2015;REP;16,55
15/07/2015;REP;16,665
16/07/2015;REP;16,925
17/07/2015;REP;16,76
20/07/2015;REP;16,77
21/07/2015;REP;16,615
22/07/2015;REP;16,39
23/07/2015;REP;16,155
24/07/2015;REP;15,915
27/07/2015;REP;15,535
28/07/2015;REP;15,735
29/07/2015;REP;16,015
30/07/2015;REP;15,375
31/07/2015;REP;15,3
03/08/2015;REP;15,29
04/08/2015;REP;15,05
05/08/2015;REP;15,18
06/08/2015;REP;15,13
07/08/2015;REP;15,12
10/08/2015;REP;15,295
11/08/2015;REP;15,005
12/08/2015;REP;14,8
13/08/2015;REP;14,74
14/08/2015;REP;14,555
17/08/2015;REP;14,565
18/08/2015;REP;14,39
19/08/2015;REP;14,12
20/08/2015;REP;13,905
21/08/2015;REP;13,45
24/08/2015;REP;12,265
25/08/2015;REP;12,725
26/08/2015;REP;12,415
27/08/2015;REP;13,065
28/08/2015;REP;13,21
31/08/2015;REP;12,755
01/09/2015;REP;12,295
02/09/2015;REP;12,09
03/09/2015;REP;12,23
04/09/2015;REP;11,79
07/09/2015;REP;11,705
08/09/2015;REP;11,73
09/09/2015;REP;11,875
10/09/2015;REP;11,5
11/09/2015;REP;11,165
14/09/2015;REP;11,1
15/09/2015;REP;11,24
16/09/2015;REP;11,485
17/09/2015;REP;11,35
18/09/2015;REP;10,8
21/09/2015;REP;10,715
22/09/2015;REP;10,19
23/09/2015;REP;10,03
24/09/2015;REP;10,06
25/09/2015;REP;10,095
28/09/2015;REP;10,045
29/09/2015;REP;10,23
30/09/2015;REP;10,41
01/10/2015;REP;10,79
02/10/2015;REP;11,04
05/10/2015;REP;11,8
06/10/2015;REP;12,11
07/10/2015;REP;12,37
08/10/2015;REP;12,335
09/10/2015;REP;12,625
12/10/2015;REP;12,365
13/10/2015;REP;12,06
14/10/2015;REP;12,16
15/10/2015;REP;11,64
16/10/2015;REP;11,82
19/10/2015;REP;11,425
20/10/2015;REP;11,25
21/10/2015;REP;11,3
22/10/2015;REP;11,64
23/10/2015;REP;11,575
26/10/2015;REP;11,53
27/10/2015;REP;11,08
28/10/2015;REP;11,575
29/10/2015;REP;11,48
30/10/2015;REP;11,475
02/11/2015;REP;11,57
03/11/2015;REP;12,42
04/11/2015;REP;12,555
05/11/2015;REP;12,29
06/11/2015;REP;12,295
09/11/2015;REP;12,175
10/11/2015;REP;12,215
11/11/2015;REP;12,11
12/11/2015;REP;11,23
13/11/2015;REP;11,15
16/11/2015;REP;11,34
17/11/2015;REP;11,91
18/11/2015;REP;12,115
19/11/2015;REP;12,255
20/11/2015;REP;11,975
23/11/2015;REP;12,01
24/11/2015;REP;12,31
25/11/2015;REP;12,24
26/11/2015;REP;12,465
27/11/2015;REP;12,33
30/11/2015;REP;12,345
01/12/2015;REP;12,275
02/12/2015;REP;12,025
03/12/2015;REP;11,675
04/12/2015;REP;11,52
07/12/2015;REP;10,88
08/12/2015;REP;10,665
09/12/2015;REP;10,92
10/12/2015;REP;10,99
11/12/2015;REP;10,66
14/12/2015;REP;10,245
15/12/2015;REP;10,605
16/12/2015;REP;10,7
17/12/2015;REP;10,755
18/12/2015;REP;10,715
21/12/2015;REP;9,956
22/12/2015;REP;10,07
23/12/2015;REP;10,74
24/12/2015;REP;10,94
28/12/2015;REP;10,49
29/12/2015;REP;10,48
30/12/2015;REP;10,3
31/12/2015;REP;10,12
04/01/2016;REP;10,06
05/01/2016;REP;9,971
06/01/2016;REP;9,686
07/01/2016;REP;9,302
08/01/2016;REP;8,929
11/01/2016;REP;8,736
12/01/2016;REP;8,611
13/01/2016;REP;8,827
14/01/2016;REP;9,066
15/01/2016;REP;8,631
18/01/2016;REP;8,436
19/01/2016;REP;8,5
20/01/2016;REP;8,023
21/01/2016;REP;8,36
22/01/2016;REP;8,937
25/01/2016;REP;8,653
26/01/2016;REP;9,025
27/01/2016;REP;8,828
28/01/2016;REP;9,296
29/01/2016;REP;9,492
01/02/2016;REP;9,206
02/02/2016;REP;8,673
03/02/2016;REP;8,626
04/02/2016;REP;9,207
05/02/2016;REP;9,513
08/02/2016;REP;8,949
09/02/2016;REP;8,633
10/02/2016;REP;8,708
11/02/2016;REP;8,235
12/02/2016;REP;8,788
15/02/2016;REP;8,968
16/02/2016;REP;8,77
17/02/2016;REP;9,25
18/02/2016;REP;9,063
19/02/2016;REP;8,849
22/02/2016;REP;9,24
23/02/2016;REP;8,935
24/02/2016;REP;8,581
25/02/2016;REP;8,815
26/02/2016;REP;9,476
29/02/2016;REP;9,524
01/03/2016;REP;9,907
02/03/2016;REP;10,205
03/03/2016;REP;10,555
04/03/2016;REP;10,64
07/03/2016;REP;10,925
08/03/2016;REP;10,61
09/03/2016;REP;10,6
10/03/2016;REP;10,225
11/03/2016;REP;10,555
14/03/2016;REP;10,6
15/03/2016;REP;10,36
16/03/2016;REP;10,43
17/03/2016;REP;10,69
18/03/2016;REP;10,54
21/03/2016;REP;10,455
22/03/2016;REP;10,41
23/03/2016;REP;10,13
24/03/2016;REP;9,947
29/03/2016;REP;9,87
30/03/2016;REP;10,07
31/03/2016;REP;9,92
01/04/2016;REP;9,619
04/04/2016;REP;9,582
05/04/2016;REP;9,321
06/04/2016;REP;9,32
07/04/2016;REP;9,211
08/04/2016;REP;9,472
11/04/2016;REP;9,606
12/04/2016;REP;9,921
13/04/2016;REP;10,565
14/04/2016;REP;10,58
15/04/2016;REP;10,5
18/04/2016;REP;10,55
19/04/2016;REP;10,915
20/04/2016;REP;11,22
21/04/2016;REP;11,35
22/04/2016;REP;11,33
25/04/2016;REP;11,09
26/04/2016;REP;11,395
27/04/2016;REP;11,66
28/04/2016;REP;11,76
29/04/2016;REP;11,445
02/05/2016;REP;11,35
03/05/2016;REP;10,84
04/05/2016;REP;10,8
05/05/2016;REP;11,305
06/05/2016;REP;11,415
09/05/2016;REP;11,075
10/05/2016;REP;11,285
11/05/2016;REP;11,245
12/05/2016;REP;11,41
13/05/2016;REP;11,52
16/05/2016;REP;11,62
17/05/2016;REP;11,62
18/05/2016;REP;11,7
19/05/2016;REP;11,195
20/05/2016;REP;11,3
23/05/2016;REP;11,2
24/05/2016;REP;11,51
25/05/2016;REP;11,935
26/05/2016;REP;11,87
27/05/2016;REP;11,84
30/05/2016;REP;11,88
31/05/2016;REP;11,575
01/06/2016;REP;11,425
02/06/2016;REP;11,435
03/06/2016;REP;11,29
06/06/2016;REP;11,65
07/06/2016;REP;11,885
08/06/2016;REP;11,915
09/06/2016;REP;11,655
10/06/2016;REP;11,35
13/06/2016;REP;11,17
14/06/2016;REP;10,89
15/06/2016;REP;10,975
16/06/2016;REP;10,71
17/06/2016;REP;10,995
20/06/2016;REP;11,29
21/06/2016;REP;11,38
22/06/2016;REP;11,39
23/06/2016;REP;11,7
24/06/2016;REP;10,42
27/06/2016;REP;10,205
28/06/2016;REP;10,505
29/06/2016;REP;11,28
30/06/2016;REP;11,41
01/07/2016;REP;11,675
04/07/2016;REP;11,575
05/07/2016;REP;11,385
06/07/2016;REP;11,18
07/07/2016;REP;11,39
08/07/2016;REP;11,65
11/07/2016;REP;11,73
12/07/2016;REP;12,145
13/07/2016;REP;12
14/07/2016;REP;12,185
15/07/2016;REP;12,145
18/07/2016;REP;12,04
19/07/2016;REP;11,825
20/07/2016;REP;11,805
21/07/2016;REP;12,075
22/07/2016;REP;11,98
25/07/2016;REP;11,765
26/07/2016;REP;11,545
27/07/2016;REP;11,65
28/07/2016;REP;11,24
29/07/2016;REP;11,275
01/08/2016;REP;11,11
02/08/2016;REP;10,89
03/08/2016;REP;10,97
04/08/2016;REP;11,345
05/08/2016;REP;11,5
08/08/2016;REP;11,63
09/08/2016;REP;11,735
10/08/2016;REP;11,715
11/08/2016;REP;11,89
12/08/2016;REP;11,92
15/08/2016;REP;12,09
16/08/2016;REP;12,215
17/08/2016;REP;12,03
18/08/2016;REP;12,165
19/08/2016;REP;12,005
22/08/2016;REP;11,92
23/08/2016;REP;12
24/08/2016;REP;12
25/08/2016;REP;11,975
26/08/2016;REP;12,085
29/08/2016;REP;11,925
30/08/2016;REP;12,09
31/08/2016;REP;12,04
01/09/2016;REP;12,18
02/09/2016;REP;12,525
05/09/2016;REP;12,52
06/09/2016;REP;12,36
07/09/2016;REP;12,615
08/09/2016;REP;12,785
09/09/2016;REP;12,595
12/09/2016;REP;12,41
13/09/2016;REP;12,105
14/09/2016;REP;11,965
15/09/2016;REP;12,03
16/09/2016;REP;11,77
19/09/2016;REP;11,935
20/09/2016;REP;11,78
21/09/2016;REP;11,865
22/09/2016;REP;11,98
23/09/2016;REP;11,985
26/09/2016;REP;11,84
27/09/2016;REP;11,555
28/09/2016;REP;11,67
29/09/2016;REP;12,105
30/09/2016;REP;12,075
03/10/2016;REP;12,045
04/10/2016;REP;12,2
05/10/2016;REP;12,3
06/10/2016;REP;12,285
07/10/2016;REP;12,315
10/10/2016;REP;12,685
11/10/2016;REP;12,59
12/10/2016;REP;12,66
13/10/2016;REP;12,67
14/10/2016;REP;12,69
17/10/2016;REP;12,475
18/10/2016;REP;12,665
19/10/2016;REP;12,85
20/10/2016;REP;13
21/10/2016;REP;12,975
24/10/2016;REP;13,065
25/10/2016;REP;12,95
26/10/2016;REP;12,91
27/10/2016;REP;12,94
28/10/2016;REP;12,97
31/10/2016;REP;12,765
01/11/2016;REP;12,655
02/11/2016;REP;12,355
03/11/2016;REP;12,5
04/11/2016;REP;12,405
07/11/2016;REP;12,48
08/11/2016;REP;12,52
09/11/2016;REP;12,635
10/11/2016;REP;12,49
11/11/2016;REP;12,155
14/11/2016;REP;12,12
15/11/2016;REP;12,36
16/11/2016;REP;12,335
17/11/2016;REP;12,4
18/11/2016;REP;12,165
21/11/2016;REP;12,29
22/11/2016;REP;12,31
23/11/2016;REP;12,28
24/11/2016;REP;12,3
25/11/2016;REP;12,185
28/11/2016;REP;12,115
29/11/2016;REP;12,08
30/11/2016;REP;12,6
01/12/2016;REP;12,895
02/12/2016;REP;12,755
05/12/2016;REP;12,905
06/12/2016;REP;12,9
07/12/2016;REP;12,985
08/12/2016;REP;13,115
09/12/2016;REP;12,905
12/12/2016;REP;13,115
13/12/2016;REP;13,19
14/12/2016;REP;13,2
15/12/2016;REP;13,295
16/12/2016;REP;13,825
19/12/2016;REP;13,37
20/12/2016;REP;13,6
21/12/2016;REP;13,47
22/12/2016;REP;13,42
23/12/2016;REP;13,435
27/12/2016;REP;13,475
28/12/2016;REP;13,4
29/12/2016;REP;13,48
30/12/2016;REP;13,42
02/01/2017;REP;13,525
03/01/2017;REP;13,63
04/01/2017;REP;13,66
05/01/2017;REP;13,68
06/01/2017;REP;13,7
09/01/2017;REP;13,57
10/01/2017;REP;13,72
11/01/2017;REP;13,9
12/01/2017;REP;14,03
13/01/2017;REP;14,21
16/01/2017;REP;14,105
17/01/2017;REP;14,105
18/01/2017;REP;14,13
19/01/2017;REP;14,1
20/01/2017;REP;14,195
23/01/2017;REP;14
24/01/2017;REP;14,08
25/01/2017;REP;14,25
26/01/2017;REP;14,2
27/01/2017;REP;14,09
30/01/2017;REP;13,765
31/01/2017;REP;13,66
01/02/2017;REP;13,665
02/02/2017;REP;13,75
03/02/2017;REP;13,92
06/02/2017;REP;13,855
07/02/2017;REP;13,655
08/02/2017;REP;13,54
09/02/2017;REP;13,72
10/02/2017;REP;13,68
13/02/2017;REP;13,95
14/02/2017;REP;13,93
15/02/2017;REP;13,925
16/02/2017;REP;13,895
17/02/2017;REP;13,625
20/02/2017;REP;13,72
21/02/2017;REP;13,79
22/02/2017;REP;13,695
23/02/2017;REP;13,89
24/02/2017;REP;13,82
27/02/2017;REP;13,795
28/02/2017;REP;14
01/03/2017;REP;14,295
02/03/2017;REP;14,295
03/03/2017;REP;14,295
06/03/2017;REP;14,315
07/03/2017;REP;14,335
08/03/2017;REP;14,24
09/03/2017;REP;14,075
10/03/2017;REP;14,425
13/03/2017;REP;14,405
14/03/2017;REP;14,1
15/03/2017;REP;14,275
16/03/2017;REP;14,485
17/03/2017;REP;14,56
20/03/2017;REP;14,46
21/03/2017;REP;14,475
22/03/2017;REP;14,455
23/03/2017;REP;14,555
24/03/2017;REP;14,37
27/03/2017;REP;14,295
28/03/2017;REP;14,335
29/03/2017;REP;14,39
30/03/2017;REP;14,6
31/03/2017;REP;14,475
03/04/2017;REP;14,305
04/04/2017;REP;14,39
05/04/2017;REP;14,65
06/04/2017;REP;14,825
07/04/2017;REP;14,995
10/04/2017;REP;14,94
11/04/2017;REP;14,855
12/04/2017;REP;14,835
13/04/2017;REP;14,72
18/04/2017;REP;14,395
19/04/2017;REP;14,385
20/04/2017;REP;14,41
21/04/2017;REP;14,295
24/04/2017;REP;14,675
25/04/2017;REP;14,775
26/04/2017;REP;14,815
27/04/2017;REP;14,56
28/04/2017;REP;14,535
02/05/2017;REP;14,63
03/05/2017;REP;14,56
04/05/2017;REP;14,47
05/05/2017;REP;14,59
08/05/2017;REP;14,61
09/05/2017;REP;14,655
10/05/2017;REP;14,74
11/05/2017;REP;14,675
12/05/2017;REP;14,64
15/05/2017;REP;14,8
16/05/2017;REP;14,98
17/05/2017;REP;14,8
18/05/2017;REP;14,645
19/05/2017;REP;14,84
22/05/2017;REP;14,845
23/05/2017;REP;15,085
24/05/2017;REP;15,075
25/05/2017;REP;15,06
26/05/2017;REP;14,955
29/05/2017;REP;15,01
30/05/2017;REP;15
31/05/2017;REP;14,915
01/06/2017;REP;14,99
02/06/2017;REP;14,82
05/06/2017;REP;14,855
06/06/2017;REP;14,895
07/06/2017;REP;14,88
08/06/2017;REP;14,855
09/06/2017;REP;14,83
12/06/2017;REP;14,4
13/06/2017;REP;14,4
14/06/2017;REP;14,135
15/06/2017;REP;13,84
16/06/2017;REP;13,895
19/06/2017;REP;14,075
20/06/2017;REP;13,77
21/06/2017;REP;13,715
22/06/2017;REP;13,59
23/06/2017;REP;13,53
26/06/2017;REP;13,575
27/06/2017;REP;13,61
28/06/2017;REP;13,66
29/06/2017;REP;13,525
30/06/2017;REP;13,4
03/07/2017;REP;13,765
04/07/2017;REP;13,79
05/07/2017;REP;13,555
06/07/2017;REP;13,595
07/07/2017;REP;13,44
10/07/2017;REP;13,475
11/07/2017;REP;13,475
12/07/2017;REP;13,61
13/07/2017;REP;13,83
14/07/2017;REP;13,91
17/07/2017;REP;13,865
18/07/2017;REP;13,7
19/07/2017;REP;13,79
20/07/2017;REP;13,845
21/07/2017;REP;13,695
24/07/2017;REP;13,64
25/07/2017;REP;13,885
26/07/2017;REP;14
27/07/2017;REP;14,1
28/07/2017;REP;14,14
31/07/2017;REP;14,16
01/08/2017;REP;14,37
02/08/2017;REP;14,39
03/08/2017;REP;14,41
04/08/2017;REP;14,55
07/08/2017;REP;14,56
08/08/2017;REP;14,6
09/08/2017;REP;14,43
10/08/2017;REP;14,315
11/08/2017;REP;14,045
14/08/2017;REP;14,18
15/08/2017;REP;14,125
16/08/2017;REP;14,255
17/08/2017;REP;14,13
18/08/2017;REP;14,055
21/08/2017;REP;14,06
22/08/2017;REP;14,17
23/08/2017;REP;14,14
24/08/2017;REP;14,13
25/08/2017;REP;14,11
28/08/2017;REP;14,04
29/08/2017;REP;13,96
30/08/2017;REP;14,185
31/08/2017;REP;14,43
01/09/2017;REP;14,53
04/09/2017;REP;14,445
05/09/2017;REP;14,71
06/09/2017;REP;14,71
07/09/2017;REP;14,65
08/09/2017;REP;14,54
11/09/2017;REP;14,775
12/09/2017;REP;14,855
13/09/2017;REP;15,01
14/09/2017;REP;15,17
15/09/2017;REP;15,02
18/09/2017;REP;15,1
19/09/2017;REP;15,26
20/09/2017;REP;15,345
21/09/2017;REP;15,39
22/09/2017;REP;15,465
25/09/2017;REP;15,6
26/09/2017;REP;15,535
27/09/2017;REP;15,58
28/09/2017;REP;15,48
29/09/2017;REP;15,59
02/10/2017;REP;15,5
03/10/2017;REP;15,505
04/10/2017;REP;15,12
05/10/2017;REP;15,32
06/10/2017;REP;15,275
09/10/2017;REP;15,275
10/10/2017;REP;15,28
11/10/2017;REP;15,4
12/10/2017;REP;15,35
13/10/2017;REP;15,445
16/10/2017;REP;15,39
17/10/2017;REP;15,355
18/10/2017;REP;15,285
19/10/2017;REP;15,285
20/10/2017;REP;15,29
23/10/2017;REP;15,275
24/10/2017;REP;15,46
25/10/2017;REP;15,32
26/10/2017;REP;15,465
27/10/2017;REP;15,545
30/10/2017;REP;15,99
31/10/2017;REP;16,085
01/11/2017;REP;16,155
02/11/2017;REP;16,155
03/11/2017;REP;15,915
06/11/2017;REP;15,83
07/11/2017;REP;15,94
08/11/2017;REP;15,86
09/11/2017;REP;15,845
10/11/2017;REP;15,855
13/11/2017;REP;15,745
14/11/2017;REP;15,49
15/11/2017;REP;15,01
16/11/2017;REP;14,885
17/11/2017;REP;14,91
20/11/2017;REP;15,005
21/11/2017;REP;15,05
22/11/2017;REP;15,155
23/11/2017;REP;15,115
24/11/2017;REP;15,015
27/11/2017;REP;14,985
28/11/2017;REP;15,265
29/11/2017;REP;15,42
30/11/2017;REP;15,42
01/12/2017;REP;15,345
04/12/2017;REP;15,585
05/12/2017;REP;15,685
06/12/2017;REP;15,5
07/12/2017;REP;15,49
08/12/2017;REP;15,475
11/12/2017;REP;15,37
12/12/2017;REP;15,4
13/12/2017;REP;15,32
14/12/2017;REP;15,37
15/12/2017;REP;15,155
18/12/2017;REP;15,005
19/12/2017;REP;15,05
20/12/2017;REP;15,035
21/12/2017;REP;15,045
22/12/2017;REP;15,04
27/12/2017;REP;15,005
28/12/2017;REP;15,035
29/12/2017;REP;14,745
02/01/2018;REP;14,99
03/01/2018;REP;15,325
04/01/2018;REP;15,73
05/01/2018;REP;15,765
08/01/2018;REP;15,775
09/01/2018;REP;15,795
10/01/2018;REP;15,73
11/01/2018;REP;15,86
12/01/2018;REP;15,92
15/01/2018;REP;15,94
16/01/2018;REP;15,79
17/01/2018;REP;15,665
18/01/2018;REP;15,75
19/01/2018;REP;15,58
22/01/2018;REP;15,87
23/01/2018;REP;15,82
24/01/2018;REP;15,82
25/01/2018;REP;15,72
26/01/2018;REP;15,515
29/01/2018;REP;15,45
30/01/2018;REP;15,13
31/01/2018;REP;15,155
01/02/2018;REP;15,3
02/02/2018;REP;15,04
05/02/2018;REP;14,82
06/02/2018;REP;14,38
07/02/2018;REP;14,67
08/02/2018;REP;14,18
09/02/2018;REP;13,965
12/02/2018;REP;14,065
13/02/2018;REP;13,97
14/02/2018;REP;13,825
15/02/2018;REP;13,75
16/02/2018;REP;13,89
19/02/2018;REP;13,955
20/02/2018;REP;14,12
21/02/2018;REP;14,015
22/02/2018;REP;14,12
23/02/2018;REP;14,155
26/02/2018;REP;14,27
27/02/2018;REP;14,21
28/02/2018;REP;14,705
01/03/2018;REP;14,5
02/03/2018;REP;14
05/03/2018;REP;14,115
06/03/2018;REP;14,24
07/03/2018;REP;13,98
08/03/2018;REP;13,96
09/03/2018;REP;14,105
12/03/2018;REP;14,12
13/03/2018;REP;14,125
14/03/2018;REP;14
15/03/2018;REP;13,96
16/03/2018;REP;14,22
19/03/2018;REP;13,79
20/03/2018;REP;14,05
21/03/2018;REP;14,255
22/03/2018;REP;14,075
23/03/2018;REP;14,03
26/03/2018;REP;14,215
27/03/2018;REP;14,38
28/03/2018;REP;14,305
29/03/2018;REP;14,415
03/04/2018;REP;14,5
04/04/2018;REP;14,645
05/04/2018;REP;14,98
06/04/2018;REP;15,005
09/04/2018;REP;14,975
10/04/2018;REP;15,295
11/04/2018;REP;15,4
12/04/2018;REP;15,525
13/04/2018;REP;15,535
16/04/2018;REP;15,415
17/04/2018;REP;15,455
18/04/2018;REP;15,745
19/04/2018;REP;15,735
20/04/2018;REP;15,725
23/04/2018;REP;15,775
24/04/2018;REP;15,975
25/04/2018;REP;15,7
26/04/2018;REP;15,805
27/04/2018;REP;15,805
30/04/2018;REP;15,85
02/05/2018;REP;15,87
03/05/2018;REP;15,9
04/05/2018;REP;16,015
07/05/2018;REP;16,245
08/05/2018;REP;16,13
09/05/2018;REP;16,54
10/05/2018;REP;16,47
11/05/2018;REP;16,64
14/05/2018;REP;16,67
15/05/2018;REP;16,74
16/05/2018;REP;16,75
17/05/2018;REP;17,09
18/05/2018;REP;17,065
21/05/2018;REP;17,14
22/05/2018;REP;17,16
23/05/2018;REP;16,41
24/05/2018;REP;16,25
25/05/2018;REP;15,76
28/05/2018;REP;15,67
29/05/2018;REP;15,65
30/05/2018;REP;16,305
31/05/2018;REP;16,305
01/06/2018;REP;16,505
04/06/2018;REP;16,455
05/06/2018;REP;16,415
06/06/2018;REP;16,905
07/06/2018;REP;17,21
08/06/2018;REP;17,035
11/06/2018;REP;17,28
12/06/2018;REP;17,11
13/06/2018;REP;17,05
14/06/2018;REP;17,22
15/06/2018;REP;17,12
18/06/2018;REP;16,68
19/06/2018;REP;16,625
20/06/2018;REP;16,355
21/06/2018;REP;16,25
22/06/2018;REP;16,7
25/06/2018;REP;16,42
26/06/2018;REP;16,515
27/06/2018;REP;16,805
28/06/2018;REP;16,875
29/06/2018;REP;16,765
02/07/2018;REP;16,68
03/07/2018;REP;16,86
04/07/2018;REP;16,925
05/07/2018;REP;17,255
06/07/2018;REP;17,16
09/07/2018;REP;17,27
10/07/2018;REP;17,285
11/07/2018;REP;17,01
12/07/2018;REP;16,96
13/07/2018;REP;16,985
16/07/2018;REP;16,8
17/07/2018;REP;16,82
18/07/2018;REP;16,75
19/07/2018;REP;16,95
20/07/2018;REP;16,855
23/07/2018;REP;16,86
24/07/2018;REP;16,85
25/07/2018;REP;16,765
26/07/2018;REP;16,705
27/07/2018;REP;16,79
30/07/2018;REP;16,9
31/07/2018;REP;16,975
01/08/2018;REP;16,905
02/08/2018;REP;16,885
03/08/2018;REP;16,99
06/08/2018;REP;16,98
07/08/2018;REP;17,075
08/08/2018;REP;17,07
09/08/2018;REP;17,005
10/08/2018;REP;16,85
13/08/2018;REP;16,71
14/08/2018;REP;16,55
15/08/2018;REP;16,185
16/08/2018;REP;16,245
17/08/2018;REP;16,21
20/08/2018;REP;16,3
21/08/2018;REP;16,425
22/08/2018;REP;16,515
23/08/2018;REP;16,415
24/08/2018;REP;16,5
27/08/2018;REP;16,55
28/08/2018;REP;16,6
29/08/2018;REP;16,635
30/08/2018;REP;16,67
31/08/2018;REP;16,565
03/09/2018;REP;16,685
04/09/2018;REP;16,9
05/09/2018;REP;16,535
06/09/2018;REP;16,33
07/09/2018;REP;16,36
10/09/2018;REP;16,42
11/09/2018;REP;16,745
12/09/2018;REP;17,125
13/09/2018;REP;16,98
14/09/2018;REP;16,95
17/09/2018;REP;16,93
18/09/2018;REP;17
19/09/2018;REP;17
20/09/2018;REP;16,885
21/09/2018;REP;16,48
24/09/2018;REP;16,78
25/09/2018;REP;17,03
26/09/2018;REP;17,15
27/09/2018;REP;17,2
28/09/2018;REP;17,165
01/10/2018;REP;17,235
02/10/2018;REP;17,2
03/10/2018;REP;17,155
04/10/2018;REP;17,155
05/10/2018;REP;17,025
08/10/2018;REP;16,815
09/10/2018;REP;17,04
10/10/2018;REP;17,075
11/10/2018;REP;16,44
12/10/2018;REP;16,32
15/10/2018;REP;16,38
16/10/2018;REP;16,405
17/10/2018;REP;16,28
18/10/2018;REP;16,245
19/10/2018;REP;16,015
22/10/2018;REP;15,93
23/10/2018;REP;15,5
24/10/2018;REP;15,27
25/10/2018;REP;15,05
26/10/2018;REP;15,105
29/10/2018;REP;15,205
30/10/2018;REP;15,165
31/10/2018;REP;15,825
01/11/2018;REP;15,56
02/11/2018;REP;15,6
05/11/2018;REP;15,705
06/11/2018;REP;15,635
07/11/2018;REP;15,77
08/11/2018;REP;15,825
09/11/2018;REP;15,85
12/11/2018;REP;15,8
13/11/2018;REP;15,665
14/11/2018;REP;15,505
15/11/2018;REP;15,695
16/11/2018;REP;15,655
19/11/2018;REP;15,61
20/11/2018;REP;15,285
21/11/2018;REP;15,5
22/11/2018;REP;15,26
23/11/2018;REP;14,86
26/11/2018;REP;15,15
27/11/2018;REP;14,965
28/11/2018;REP;14,84
29/11/2018;REP;15,14
30/11/2018;REP;15,25
03/12/2018;REP;15,3
04/12/2018;REP;15,3
05/12/2018;REP;15,055
06/12/2018;REP;14,315
07/12/2018;REP;14,785
10/12/2018;REP;14,4
11/12/2018;REP;14,61
12/12/2018;REP;14,765
13/12/2018;REP;14,93
14/12/2018;REP;14,79
17/12/2018;REP;14,71
18/12/2018;REP;14,565
19/12/2018;REP;14,665
20/12/2018;REP;14,315
21/12/2018;REP;14,37
24/12/2018;REP;13,965
27/12/2018;REP;13,735
28/12/2018;REP;14,165
31/12/2018;REP;14,08
02/01/2019;REP;14,235
03/01/2019;REP;14,255
04/01/2019;REP;14,595
07/01/2019;REP;14,475
08/01/2019;REP;14,49
09/01/2019;REP;14,695
10/01/2019;REP;14,775
11/01/2019;REP;14,75
14/01/2019;REP;14,67
15/01/2019;REP;14,64
16/01/2019;REP;14,65
17/01/2019;REP;14,755
18/01/2019;REP;15
21/01/2019;REP;14,8
22/01/2019;REP;14,83
23/01/2019;REP;14,775
24/01/2019;REP;15,05
25/01/2019;REP;15,045
28/01/2019;REP;14,77
29/01/2019;REP;15,01
30/01/2019;REP;15,125
31/01/2019;REP;15,33
01/02/2019;REP;15,27
04/02/2019;REP;15,23
05/02/2019;REP;15,405
06/02/2019;REP;15,37
07/02/2019;REP;15,025
08/02/2019;REP;14,86
11/02/2019;REP;14,885
12/02/2019;REP;15,01
13/02/2019;REP;15,085
14/02/2019;REP;14,995
15/02/2019;REP;15,17
18/02/2019;REP;15,195
19/02/2019;REP;15,11
20/02/2019;REP;15,205
21/02/2019;REP;15,19
22/02/2019;REP;15,155
25/02/2019;REP;15,02
26/02/2019;REP;15,13
27/02/2019;REP;15,15
28/02/2019;REP;15,125
01/03/2019;REP;15,115
04/03/2019;REP;15,1
05/03/2019;REP;15,085
06/03/2019;REP;15,1
07/03/2019;REP;15,065
08/03/2019;REP;14,755
11/03/2019;REP;14,855
12/03/2019;REP;14,79
13/03/2019;REP;14,985
14/03/2019;REP;15,01
15/03/2019;REP;15
18/03/2019;REP;15,36
19/03/2019;REP;15,515
20/03/2019;REP;15,475
21/03/2019;REP;15,465
22/03/2019;REP;15,21
25/03/2019;REP;15,095
26/03/2019;REP;15,15
27/03/2019;REP;15,265
28/03/2019;REP;15,14
29/03/2019;REP;15,26
01/04/2019;REP;15,38
02/04/2019;REP;15,375
03/04/2019;REP;15,435
04/04/2019;REP;15,28
05/04/2019;REP;15,34
08/04/2019;REP;15,275
09/04/2019;REP;15,05
10/04/2019;REP;15,295
11/04/2019;REP;15,125
12/04/2019;REP;15,075
15/04/2019;REP;14,995
16/04/2019;REP;14,865
17/04/2019;REP;15,035
18/04/2019;REP;15,065
23/04/2019;REP;15,185
24/04/2019;REP;14,805
25/04/2019;REP;14,89
26/04/2019;REP;14,745
29/04/2019;REP;14,745
30/04/2019;REP;15,13
02/05/2019;REP;14,825
03/05/2019;REP;14,76
06/05/2019;REP;14,635
07/05/2019;REP;14,37
08/05/2019;REP;14,42
09/05/2019;REP;14,27
10/05/2019;REP;14,285
13/05/2019;REP;14,21
14/05/2019;REP;14,42
15/05/2019;REP;14,5
16/05/2019;REP;14,685
17/05/2019;REP;14,79
20/05/2019;REP;14,88
21/05/2019;REP;15,06
22/05/2019;REP;14,96
23/05/2019;REP;14,435
24/05/2019;REP;14,515
27/05/2019;REP;14,625
28/05/2019;REP;14,685
29/05/2019;REP;14,39
30/05/2019;REP;14,58
31/05/2019;REP;14,46
03/06/2019;REP;14,485
04/06/2019;REP;14,63
05/06/2019;REP;14,535
06/06/2019;REP;14,59
07/06/2019;REP;14,66
10/06/2019;REP;14,63
11/06/2019;REP;14,67
12/06/2019;REP;14,37
13/06/2019;REP;14,395
14/06/2019;REP;14,3
17/06/2019;REP;13,635
18/06/2019;REP;13,88
19/06/2019;REP;13,695
20/06/2019;REP;13,87
21/06/2019;REP;14,075
24/06/2019;REP;13,91
25/06/2019;REP;13,77
26/06/2019;REP;13,895
27/06/2019;REP;13,71
28/06/2019;REP;13,785
01/07/2019;REP;14,095
02/07/2019;REP;13,94
03/07/2019;REP;13,775
04/07/2019;REP;13,77
05/07/2019;REP;13,74
08/07/2019;REP;13,755
09/07/2019;REP;13,695
10/07/2019;REP;13,79
11/07/2019;REP;13,845
12/07/2019;REP;13,95
15/07/2019;REP;13,92
16/07/2019;REP;13,78
17/07/2019;REP;13,495
18/07/2019;REP;13,275
19/07/2019;REP;13,305
22/07/2019;REP;13,295
23/07/2019;REP;13,48
24/07/2019;REP;14,29
25/07/2019;REP;14,54
26/07/2019;REP;14,585
29/07/2019;REP;14,57
30/07/2019;REP;14,37
31/07/2019;REP;14,385
01/08/2019;REP;14,27
02/08/2019;REP;13,815
05/08/2019;REP;13,58
06/08/2019;REP;13,405
07/08/2019;REP;13,16
08/08/2019;REP;13,23
09/08/2019;REP;13,12
12/08/2019;REP;12,955
13/08/2019;REP;13,09
14/08/2019;REP;12,7
15/08/2019;REP;12,48
16/08/2019;REP;12,475
19/08/2019;REP;12,82
20/08/2019;REP;12,555
21/08/2019;REP;12,8
22/08/2019;REP;12,785
23/08/2019;REP;12,55
26/08/2019;REP;12,595
27/08/2019;REP;12,55
28/08/2019;REP;12,88
29/08/2019;REP;13,065
30/08/2019;REP;13,22
02/09/2019;REP;13,37
03/09/2019;REP;13,31
04/09/2019;REP;13,56
05/09/2019;REP;13,775
06/09/2019;REP;13,615
09/09/2019;REP;13,88
10/09/2019;REP;14,155
11/09/2019;REP;14,015
12/09/2019;REP;13,835
13/09/2019;REP;13,985
16/09/2019;REP;14,135
17/09/2019;REP;14,015
18/09/2019;REP;14,065
19/09/2019;REP;14,26
20/09/2019;REP;14,21
23/09/2019;REP;14,305
24/09/2019;REP;14,165
25/09/2019;REP;14,085
26/09/2019;REP;14,155
27/09/2019;REP;14,305
30/09/2019;REP;14,34
01/10/2019;REP;14,305
02/10/2019;REP;13,97
03/10/2019;REP;13,735
04/10/2019;REP;13,785
07/10/2019;REP;14,095
08/10/2019;REP;13,94
09/10/2019;REP;14,09
10/10/2019;REP;14,31
11/10/2019;REP;14,555
14/10/2019;REP;14,525
15/10/2019;REP;14,715
16/10/2019;REP;14,735
17/10/2019;REP;14,675
18/10/2019;REP;14,5
21/10/2019;REP;14,57
22/10/2019;REP;14,6
23/10/2019;REP;14,775
24/10/2019;REP;14,925
25/10/2019;REP;14,99
28/10/2019;REP;15,115
29/10/2019;REP;15,05
30/10/2019;REP;14,94
31/10/2019;REP;14,7
01/11/2019;REP;15,145
04/11/2019;REP;15,47
05/11/2019;REP;15,415
06/11/2019;REP;15,13
07/11/2019;REP;15,145
08/11/2019;REP;15,04
11/11/2019;REP;15,03
12/11/2019;REP;15,02
13/11/2019;REP;14,72
14/11/2019;REP;14,595
15/11/2019;REP;14,69
18/11/2019;REP;14,63
19/11/2019;REP;14,615
20/11/2019;REP;14,545
21/11/2019;REP;14,445
22/11/2019;REP;14,6
25/11/2019;REP;14,68
26/11/2019;REP;14,59
27/11/2019;REP;14,5
28/11/2019;REP;14,405
29/11/2019;REP;14,29
02/12/2019;REP;14,145
03/12/2019;REP;14,095
04/12/2019;REP;14,35
05/12/2019;REP;14,34
06/12/2019;REP;14,635
09/12/2019;REP;14,46
10/12/2019;REP;14,35
11/12/2019;REP;14,35
12/12/2019;REP;14,375
13/12/2019;REP;14,325
16/12/2019;REP;14,4
17/12/2019;REP;13,96
18/12/2019;REP;13,98
19/12/2019;REP;13,98
20/12/2019;REP;14,085
23/12/2019;REP;14,15
24/12/2019;REP;14,155
27/12/2019;REP;14,2
30/12/2019;REP;14,125
31/12/2019;REP;13,93
02/01/2020;REP;14,065
03/01/2020;REP;14,24
06/01/2020;REP;14,35
07/01/2020;REP;14,23
08/01/2020;REP;14,36
09/01/2020;REP;14,17
10/01/2020;REP;14,32
13/01/2020;REP;1424,5
14/01/2020;REP;14,235
15/01/2020;REP;14,1
16/01/2020;REP;14,145
17/01/2020;REP;14,04
20/01/2020;REP;13,92
21/01/2020;REP;13,775
22/01/2020;REP;13,6
23/01/2020;REP;13,13
24/01/2020;REP;13,1
27/01/2020;REP;12,65
28/01/2020;REP;12,77
29/01/2020;REP;12,795
30/01/2020;REP;12,58
31/01/2020;REP;12,465
03/02/2020;REP;12,285
04/02/2020;REP;12,58
05/02/2020;REP;12,795
06/02/2020;REP;12,825
07/02/2020;REP;12,755
10/02/2020;REP;12,59
11/02/2020;REP;12,745
12/02/2020;REP;12,77
13/02/2020;REP;12,665
14/02/2020;REP;12,65
17/02/2020;REP;12,525
18/02/2020;REP;12,345
19/02/2020;REP;12,35
20/02/2020;REP;12,295
21/02/2020;REP;11,955
24/02/2020;REP;11,315
25/02/2020;REP;10,965
26/02/2020;REP;10,865
27/02/2020;REP;10,51
28/02/2020;REP;10,13
02/03/2020;REP;10,215
03/03/2020;REP;10,35
04/03/2020;REP;10,29
05/03/2020;REP;10,09
06/03/2020;REP;9,6
09/03/2020;REP;8,148
10/03/2020;REP;8,28
